"test.units","logitpredprobs","gbmpredprobs","race","sex","age","juv_fel_count","juv_misd_count","priors_count","charge_id","charge_degree..misd.fel.","compas_decile_score","two_year_recid","compas_guess","compas_correct","mturkpredprobs","compaspredprobs.linear"
22,0.559273904815178,0.674623570701799,2,0,25,0,0,3,190,1,10,0,1,0,0.85,0.95
42,0.508818099028102,0.68303708119435,2,0,32,0,0,4,36,1,8,1,1,1,0.8,0.75
61,0.384976279004036,0.682896385182255,2,1,51,0,0,7,306,1,2,0,0,1,0.9,0.15
67,0.803165091699977,0.758501440577294,2,0,35,1,0,13,418,1,8,1,1,1,0.95,0.75
70,0.407214892089635,0.337537384385222,2,0,29,0,0,0,379,1,4,0,0,1,0,0.35
98,0.650272340658973,0.754264764291527,2,0,27,0,1,6,21,1,6,1,1,1,0.9,0.55
101,0.50116681415989,0.63099353908668,3,0,45,0,0,6,306,1,1,1,0,0,0.75,0.05
115,0.459673018489169,0.37981877645709,2,1,26,0,0,1,252,1,4,1,0,0,0.7,0.35
122,0.65416921247055,0.586426756660679,2,0,30,0,0,8,283,0,10,1,1,1,0.8,0.95
154,0.224148295792756,0.155669192160187,1,1,39,0,0,0,15,1,1,1,0,0,0.2,0.05
156,0.735916503113512,0.825856264699582,1,0,24,0,1,8,163,1,6,1,1,1,0.95,0.55
163,0.355148552043234,0.431224107690548,1,0,43,0,0,1,306,1,1,0,0,1,0.2,0.05
173,0.54860599890682,0.646074316335073,2,0,33,0,0,5,253,1,5,1,1,1,0.85,0.45
189,0.206048962630654,0.272049694792375,1,0,52,0,0,3,45,0,9,0,1,0,0.8,0.85
203,0.303874187493413,0.223699629750886,2,1,24,0,0,0,45,0,2,0,0,1,0.1,0.15
206,0.679999095835742,0.773804225841316,1,1,29,0,1,10,190,1,4,1,0,0,0.95,0.35
208,0.245386466150966,0.278691314685388,1,0,44,0,0,2,45,0,2,1,0,0,0.5,0.15
210,0.545083499578781,0.617638534114291,2,0,32,0,0,3,306,1,7,1,1,1,0.85,0.65
215,0.400187296063646,0.227460936625301,2,0,31,0,0,1,215,0,2,0,0,1,0.4,0.15
222,0.173470060901794,0.182898161223959,1,1,43,0,0,0,133,0,1,0,0,1,0.1,0.05
227,0.304979034270986,0.183818843351858,2,1,31,0,0,0,319,1,3,1,0,0,0.1,0.25
265,0.622005810718566,0.751266808084687,2,0,28,0,0,6,337,0,6,1,1,1,0.85,0.55
266,0.247811978936561,0.299528716707107,3,0,54,0,0,2,65,1,1,0,0,1,0.55,0.05
277,0.874398027002836,0.872558328528904,2,0,47,0,0,23,283,0,8,1,1,1,0.95,0.75
279,0.18209586503199,0.159476598214896,3,0,57,0,0,1,129,1,1,0,0,1,0.05,0.05
282,0.503125410590923,0.638354849862347,1,0,45,0,0,8,423,0,4,1,0,0,0.85,0.35
319,0.320861260950656,0.264785766553949,1,0,56,0,0,7,172,1,1,1,0,0,0.9,0.05
320,0.827639997319203,0.699805430748665,2,0,38,0,0,15,306,1,9,0,1,0,0.95,0.85
332,0.385494268881968,0.51438732647389,2,1,30,0,0,2,190,1,7,0,1,0,0.85,0.65
363,0.427318387735201,0.474298995281857,1,0,44,0,0,8,45,0,5,1,1,1,0.95,0.45
364,0.455847887785153,0.367035445868675,2,0,25,0,0,0,190,1,3,0,0,1,0.3,0.25
366,0.513630393523289,0.525042018036937,1,0,22,0,0,1,430,0,8,1,1,1,0.6,0.75
375,0.527569822287741,0.49328818749691,1,0,30,0,0,4,159,1,2,0,0,1,0.95,0.15
400,0.393960611720353,0.259888095150832,2,1,23,0,0,0,71,1,4,1,0,0,0.3,0.35
408,0.428351231668531,0.252553969456355,1,1,22,0,0,1,246,1,3,0,0,1,0.25,0.25
446,0.333492782383149,0.365333098951118,2,1,21,0,0,0,45,0,6,0,1,0,0.1,0.55
469,0.512599462931264,0.65941679103064,2,0,20,0,0,0,186,1,10,1,1,1,0.4,0.95
480,0.512599462931264,0.65941679103064,2,0,20,0,0,0,190,1,9,1,1,1,0.1,0.85
505,0.38981352159466,0.220119832783124,2,0,29,0,0,0,15,1,1,0,0,1,0.4,0.05
510,0.222946948047498,0.271437411202541,3,0,51,0,0,1,31,0,1,0,0,1,0.15,0.05
526,0.481855629281648,0.366890468851118,1,1,21,0,0,0,306,1,6,0,1,0,0.65,0.55
533,0.393555817562731,0.233141614738056,2,1,23,0,0,0,129,1,5,1,1,1,0.2,0.45
552,0.542599152917839,0.558947122226873,1,0,22,0,0,2,283,0,6,1,1,1,0.55,0.55
603,0.541891799113119,0.610474297239344,2,0,29,1,0,2,21,1,5,0,1,0,0.7,0.45
622,0.22927736318391,0.149591181241476,1,1,39,0,0,0,123,0,6,0,1,0,0.05,0.55
640,0.512599462931264,0.65941679103064,2,0,20,0,0,0,186,1,7,1,1,1,0.25,0.65
646,0.2363902697442,0.171770621677905,3,0,48,0,0,1,239,0,1,1,0,0,0.05,0.05
648,0.1979994999012,0.221446416825465,2,0,57,0,0,1,175,1,5,1,1,1,0.2,0.45
654,0.365761337806649,0.278141677510625,1,0,33,0,0,0,21,1,1,0,0,1,0.05,0.05
657,0.486281031987862,0.545972198990534,2,1,24,0,0,3,190,1,10,1,1,1,0.85,0.95
685,0.232504669350452,0.345706234006967,2,1,46,0,0,2,190,1,10,1,1,1,0.4,0.95
692,0.525020468222563,0.616894108512542,2,0,29,0,0,3,309,1,5,1,1,1,0.9,0.45
700,0.759020569671277,0.777287166666343,2,0,26,1,1,10,18,1,9,1,1,1,0.95,0.85
726,0.4798503112592,0.41816595677725,1,0,34,0,0,4,303,1,6,1,1,1,0.55,0.55
728,0.51910410229975,0.611364945607703,3,0,34,0,0,4,61,1,1,1,0,0,0.95,0.05
730,0.372208040575599,0.290677294703566,4,0,35,0,0,0,64,1,6,0,1,0,0.15,0.55
754,0.544016537296564,0.700238754298844,2,0,29,0,0,4,163,1,4,1,0,0,1,0.35
763,0.658673858588385,0.621154143244867,3,0,26,0,0,7,15,1,5,1,1,1,1,0.45
765,0.925619204953771,0.664943959622579,2,0,66,0,0,33,90,1,6,1,1,1,1,0.55
787,0.551246881399863,0.67226234047,3,0,30,0,0,7,45,0,4,0,0,1,0.9,0.35
794,0.593154760632578,0.682996618360053,2,0,29,0,0,5,253,1,5,1,1,1,0.9,0.45
800,0.1300314986616,0.170352748494303,2,0,55,0,0,0,45,0,8,1,1,1,0.05,0.75
807,0.390593067958478,0.37954006678435,1,0,23,0,0,0,45,0,9,0,1,0,0.2,0.85
829,0.787618996346179,0.838060410048179,1,0,22,1,0,6,306,1,10,1,1,1,0.95,0.95
837,0.307530754988062,0.420738327666181,1,0,46,0,0,2,297,1,6,1,1,1,0.4,0.55
838,0.279980052884916,0.321442867679935,2,0,44,0,0,1,333,0,3,0,0,1,0.25,0.25
844,0.320342554654105,0.490919252410561,2,0,58,0,0,6,175,1,6,0,1,0,0.8,0.55
853,0.221332729077972,0.271188857135076,2,0,50,0,0,3,45,0,3,0,0,1,0.6,0.25
855,0.340909727733526,0.293016659814399,2,0,38,0,0,0,60,1,1,0,0,1,0.35,0.05
863,0.456268856223712,0.427874896383851,1,0,40,0,0,5,229,1,4,0,0,1,0.85,0.35
887,0.569517826185996,0.649221484803838,2,0,30,0,0,5,129,1,6,1,1,1,0.85,0.55
893,0.33700214665581,0.237821133163956,3,0,31,0,0,0,134,0,1,0,0,1,0.2,0.05
913,0.489326206906532,0.639386437177712,2,0,31,0,0,3,425,0,8,1,1,1,0.75,0.75
919,0.3867310873027,0.390343917980676,3,0,36,0,0,1,243,0,10,1,1,1,0.15,0.95
921,0.417855542668261,0.252499839374745,2,0,30,0,0,1,283,0,7,0,1,0,0.15,0.65
934,0.59306347807794,0.71280108174566,2,0,25,0,0,4,188,1,5,1,1,1,0.9,0.45
947,0.508633717092115,0.603976382964572,1,1,23,0,0,3,253,1,10,0,1,0,0.9,0.95
956,0.664456689162576,0.751944721686913,2,0,24,0,0,4,306,1,10,1,1,1,0.95,0.95
963,0.468122016573935,0.370103868344764,1,0,25,0,0,1,16,1,5,0,1,0,0.5,0.45
990,0.19489111681412,0.200243956848917,1,1,45,0,0,1,172,1,6,0,1,0,0.1,0.55
999,0.346475449085572,0.331077949233122,1,0,38,0,0,1,90,1,1,1,0,0,0.4,0.05
1004,0.531287833374702,0.526448183585194,3,0,23,0,0,2,283,0,6,1,1,1,0.65,0.55
1022,0.240966847373152,0.212880867685826,2,1,31,0,0,0,45,0,1,0,0,1,0.1,0.05
1024,0.493845392515587,0.404620830162381,2,0,27,0,0,0,306,0,2,0,0,1,0.25,0.15
1032,0.646167871410087,0.720606335172553,3,0,29,0,0,7,129,1,9,1,1,1,0.9,0.85
1044,0.397614858672366,0.496700082202918,2,0,36,0,1,4,45,0,5,0,1,0,0.95,0.45
1059,0.412924870749465,0.455733068707604,2,0,24,0,0,1,45,0,6,0,1,0,0.5,0.55
1066,0.319563176498443,0.18648390691509,1,0,40,0,0,1,222,1,2,0,0,1,0.2,0.15
1103,0.477912211446033,0.408170234291536,2,0,22,0,0,0,246,1,8,0,1,0,0.15,0.75
1128,0.393489765711747,0.199766752910053,1,1,22,0,0,0,208,0,5,0,1,0,0.05,0.45
1130,0.947943109450774,0.94527661291603,1,0,30,0,0,22,306,1,5,1,1,1,0.9,0.45
1144,0.494677942619856,0.638488696543308,2,1,29,0,0,3,306,1,5,0,1,0,0.85,0.45
1146,0.56023224174796,0.598537471095656,2,0,26,0,0,4,16,1,7,1,1,1,0.75,0.65
1153,0.489877897936815,0.595751879436784,1,1,20,0,0,1,65,1,8,1,1,1,0.65,0.75
1157,0.480156802481177,0.602061069214846,5,0,27,0,0,3,133,0,7,0,1,0,0.85,0.65
1159,0.127757889620209,0.149366115416211,2,1,53,0,0,0,172,1,1,0,0,1,0.15,0.05
1160,0.378959378711278,0.191092833626342,2,1,23,0,0,0,10,1,7,0,1,0,0.3,0.65
1162,0.615283648999086,0.720660339533148,2,0,26,0,0,5,186,1,7,1,1,1,0.9,0.65
1166,0.559178081955766,0.595487905690326,2,0,27,0,0,4,246,1,9,1,1,1,0.85,0.85
1191,0.51716509276359,0.52761864799669,1,0,22,0,0,0,58,1,4,1,0,0,0.15,0.35
1195,0.33631191033705,0.274040768432169,2,1,37,0,0,3,336,1,7,0,1,0,0.85,0.65
1196,0.308149454652767,0.248485475393467,1,0,31,0,0,0,45,0,1,0,0,1,0.1,0.05
1212,0.333924484070819,0.306223788252493,2,1,24,0,0,1,45,0,5,1,1,1,0.05,0.45
1215,0.0401344534938723,0.216410969460248,3,0,83,0,0,0,45,0,1,0,0,1,0.05,0.05
1216,0.478881181883686,0.477633463074161,1,0,28,0,0,2,246,1,6,0,1,0,0.45,0.55
1240,0.898805141128001,0.898081193162842,2,0,29,0,1,16,306,1,10,0,1,0,0.95,0.95
1241,0.381336804976495,0.333800474638776,1,0,34,0,0,1,101,0,3,1,0,0,0.2,0.25
1244,0.287621918669984,0.392857079186487,1,0,47,0,0,2,377,1,4,0,0,1,0.3,0.35
1250,0.806686658346392,0.784655737143664,2,0,35,0,0,13,306,1,8,1,1,1,1,0.75
1283,0.579262750115829,0.599205704880045,2,0,21,0,1,1,33,1,9,1,1,1,0.9,0.85
1286,0.601153430543927,0.716061060043048,1,0,24,0,2,3,129,1,4,1,0,0,0.75,0.35
1300,0.401516183151202,0.209029485706026,1,1,21,0,0,0,283,0,5,0,1,0,0.1,0.45
1314,0.960575047237946,0.886264197139824,2,0,31,0,3,25,337,0,8,1,1,1,0.95,0.75
1325,0.137869771080008,0.158714605250674,2,1,52,0,0,0,16,1,1,0,0,1,0.05,0.05
1329,0.541152173797939,0.560240304510729,1,0,22,0,1,1,190,1,8,1,1,1,0.95,0.75
1331,0.741766651627072,0.802422002165952,2,0,23,0,3,6,58,1,10,1,1,1,0.9,0.95
1343,0.597000229647664,0.696556102882421,3,0,24,0,0,3,58,1,6,1,1,1,0.8,0.55
1361,0.593680972326846,0.597866518952408,2,0,27,0,0,5,142,0,3,1,0,0,0.85,0.25
1385,0.470388626473366,0.666867831136796,2,0,28,0,0,4,45,0,2,1,0,0,0.95,0.15
1397,0.179748254089754,0.166452071232498,2,0,63,0,0,3,399,0,9,0,1,0,0.35,0.85
1430,0.177013294344168,0.193292716624275,3,0,47,0,0,0,45,0,4,0,0,1,0.05,0.35
1441,0.348676714439224,0.315974491739011,2,0,30,0,0,1,45,0,5,1,1,1,0.35,0.45
1443,0.246278173411127,0.164112734054944,2,0,45,0,0,0,318,1,5,1,1,1,0.05,0.45
1446,0.403473160096142,0.357639836600997,1,0,35,0,0,2,74,1,1,0,0,1,0.5,0.05
1452,0.379142144798955,0.269031214397947,1,1,21,0,1,0,128,0,5,1,1,1,0.15,0.45
1467,0.73092522503575,0.775523925291226,2,0,29,0,0,10,110,1,7,1,1,1,0.8,0.65
1490,0.447797048361716,0.604405519745,2,0,30,0,0,4,45,0,4,1,0,0,0.7,0.35
1522,0.458107683802003,0.65031449507809,2,0,23,0,0,2,45,0,7,0,1,0,0.7,0.65
1526,0.568491587342025,0.671949020300423,2,0,36,0,0,5,306,1,4,0,0,1,1,0.35
1530,0.0732626559217764,0.247055813293385,3,0,69,0,0,0,45,0,1,0,0,1,0,0.05
1532,0.166471930572342,0.185891218388932,3,0,59,0,0,1,216,0,1,0,0,1,0.2,0.05
1553,0.19989466885314,0.191551172148683,3,0,51,0,0,0,218,1,1,1,0,0,0.35,0.05
1559,0.579033702742869,0.733343141452579,1,0,24,1,2,3,45,0,4,0,0,1,0.9,0.35
1562,0.440112899063761,0.427432278242604,3,0,26,0,0,0,404,1,3,0,0,1,0.1,0.25
1576,0.74783793156364,0.699781507940743,2,0,42,1,0,13,328,0,8,1,1,1,0.85,0.75
1578,0.331534443655336,0.222418483936001,1,0,39,0,0,1,224,1,1,0,0,1,0.2,0.05
1604,0.381650316370653,0.524560336580509,2,0,36,0,0,4,45,0,5,1,1,1,0.95,0.45
1611,0.410189767275806,0.554456087757093,2,0,47,0,0,4,306,1,3,0,0,1,0.85,0.25
1615,0.241777470141598,0.160381952981608,1,1,38,0,0,0,74,1,1,0,0,1,0.15,0.05
1629,0.417679150998122,0.591612867501697,2,0,27,0,0,2,6,1,5,0,1,0,0.5,0.45
1642,0.359078649079641,0.325019750991986,1,0,29,0,0,1,45,0,6,0,1,0,0.25,0.55
1670,0.508552040945498,0.544225587362784,2,0,23,0,0,1,404,1,6,1,1,1,0.25,0.55
1682,0.359945582706817,0.224851861351566,1,0,40,0,0,3,172,1,1,0,0,1,0.45,0.05
1689,0.23709193092189,0.170046090475734,1,0,54,0,0,3,239,0,1,1,0,0,0.3,0.05
1718,0.804204005489106,0.842043564288983,2,0,25,0,1,11,190,1,9,1,1,1,0.9,0.85
1729,0.322775988444496,0.179862267201085,2,0,39,0,0,1,283,0,2,1,0,0,0.1,0.15
1733,0.302491233386231,0.590031247731747,1,1,52,0,0,6,381,0,7,0,1,0,0.8,0.65
1741,0.631731787643069,0.772371470870047,2,0,24,0,0,5,418,1,6,1,1,1,0.8,0.55
1787,0.494424254605443,0.378670975297366,2,0,24,0,0,0,58,1,5,0,1,0,0.35,0.45
1795,0.406323771700479,0.265318973504452,3,1,22,0,0,0,190,1,6,0,1,0,0.65,0.55
1796,0.528514775635864,0.542193598412341,2,0,21,0,0,0,58,1,3,1,0,0,0.4,0.25
1833,0.462641601444678,0.433059435815246,4,0,24,0,0,0,404,1,3,0,0,1,0.4,0.25
1834,0.379582158372934,0.219938337175639,1,0,31,0,0,0,107,1,4,0,0,1,0.6,0.35
1841,0.240520348308039,0.221580061850385,1,1,37,0,0,1,128,0,3,0,0,1,0.35,0.25
1856,0.450719836083441,0.698972473132137,1,0,21,0,0,1,49,1,4,0,0,1,0.55,0.35
1865,0.328209053938075,0.174572534361229,1,0,36,0,0,0,159,1,1,0,0,1,0.15,0.05
1870,0.511096653212375,0.678147064473226,2,0,20,0,0,0,71,1,3,0,0,1,0.35,0.25
1871,0.358951507785904,0.533938484432604,2,1,25,0,0,2,49,1,8,1,1,1,0.7,0.75
1874,0.294740456939845,0.316630693114043,1,1,28,0,0,1,45,0,4,0,0,1,0.25,0.35
1904,0.380248830804754,0.233596425731389,2,0,32,0,0,1,172,1,4,0,0,1,0.6,0.35
1941,0.368142094108999,0.320668309920555,2,0,28,0,0,0,134,0,1,0,0,1,0.15,0.05
1943,0.494424254605443,0.378670975297366,2,0,24,0,0,0,292,1,3,1,0,0,0.15,0.25
2002,0.580959450676127,0.456458631652025,1,0,49,0,0,12,283,0,5,0,1,0,0.7,0.45
2006,0.554901754124136,0.5308113475665,2,0,22,0,0,0,252,1,8,1,1,1,0.3,0.75
2020,0.700654197809418,0.773235115993913,3,0,28,0,0,11,45,0,7,0,1,0,0.95,0.65
2034,0.381778658558374,0.276510662745463,1,0,37,0,0,2,209,1,2,0,0,1,0.55,0.15
2053,0.390593067958478,0.37954006678435,2,0,23,0,0,0,45,0,7,0,1,0,0.2,0.65
2054,0.455847887785153,0.367035445868675,1,0,25,0,0,0,190,1,2,0,0,1,0.3,0.15
2072,0.0936383049410951,0.150688941687434,1,1,66,0,0,1,402,0,1,0,0,1,0.15,0.05
2076,0.626358362613147,0.585163052999744,2,0,30,0,0,7,246,1,10,1,1,1,0.85,0.95
2078,0.417509133131988,0.540934550685741,1,0,43,0,0,4,61,1,5,1,1,1,0.9,0.45
2100,0.23316848015724,0.168566140917805,1,0,44,0,0,0,374,0,1,0,0,1,0.1,0.05
2121,0.46515223915881,0.493382724190933,2,1,28,0,0,4,280,1,4,0,0,1,0.95,0.35
2128,0.546920642397447,0.695447309079339,2,0,26,0,0,3,90,1,3,1,0,0,0.85,0.25
2140,0.127405748193442,0.195674125952548,1,1,59,0,0,1,189,1,1,0,0,1,0.05,0.05
2149,0.356896310512764,0.203162709982434,2,0,33,0,0,0,303,1,1,1,0,0,0.3,0.05
2152,0.288440659477045,0.459036494475855,2,1,42,0,0,2,66,1,2,0,0,1,0.65,0.15
2153,0.587535792483698,0.758751854609806,2,0,22,0,0,3,418,1,8,1,1,1,0.9,0.75
2156,0.272038142386484,0.193550885355828,1,0,45,0,0,1,342,1,5,1,1,1,0.3,0.45
2165,0.140675715000713,0.1794780960013,2,0,53,0,0,0,45,0,1,1,0,0,0.1,0.05
2182,0.395861790165255,0.314568695248968,2,1,26,0,0,1,190,1,6,1,1,1,0.4,0.55
2195,0.717147933464009,0.776865231602408,2,0,25,0,0,8,190,1,6,1,1,1,0.9,0.55
2206,0.431260546513535,0.374893072715015,2,0,30,0,0,2,127,0,7,0,1,0,0.4,0.65
2211,0.605679457711778,0.677495605382192,2,0,24,0,0,5,172,1,7,1,1,1,1,0.65
2216,0.289870855513805,0.23254056675915,2,0,44,0,0,2,172,1,2,0,0,1,0.55,0.15
2220,0.609291791989082,0.470719745365306,2,0,52,0,0,15,128,0,4,1,0,0,1,0.35
2228,0.655987089745306,0.932728916441566,2,0,19,0,2,3,190,1,4,1,0,0,0.95,0.35
2262,0.390593067958478,0.37954006678435,2,0,23,0,0,0,45,0,3,1,0,0,0.05,0.25
2278,0.0940936504318953,0.109524018266807,1,0,63,0,0,0,45,0,1,1,0,0,0,0.05
2291,0.0829004898740279,0.199949491736957,1,0,72,0,0,1,128,0,1,0,0,1,0.1,0.05
2310,0.515134169358955,0.516055770664051,2,0,28,0,0,3,280,1,2,0,0,1,0.85,0.15
2320,0.406323771700479,0.265318973504452,2,1,22,0,0,0,190,1,4,1,0,0,0.2,0.35
2329,0.883857056248319,0.856863384516356,2,0,25,0,4,14,186,1,10,1,1,1,0.95,0.95
2338,0.124492283748558,0.173000965398566,3,0,59,0,0,0,133,0,1,0,0,1,0.15,0.05
2353,0.177013294344168,0.193292716624275,1,0,47,0,0,0,45,0,1,0,0,1,0.1,0.05
2382,0.850625382973344,0.78653744526492,2,0,58,0,0,24,175,1,6,1,1,1,0.85,0.55
2393,0.51716509276359,0.52761864799669,2,0,22,0,0,0,65,1,3,0,0,1,0.2,0.25
2396,0.11680763951014,0.107620075596592,1,1,57,0,0,0,122,0,4,0,0,1,0.15,0.35
2400,0.773737873119732,0.892520512646446,2,0,30,0,2,11,372,1,8,0,1,0,0.9,0.75
2402,0.718339270182543,0.604316929724893,2,0,46,0,0,15,129,1,7,1,1,1,1,0.65
2405,0.307617992558716,0.250755206393977,2,1,24,0,0,0,167,1,3,0,0,1,0.1,0.25
2410,0.344958378437956,0.524783330020746,3,1,33,0,0,2,426,0,4,0,0,1,0.7,0.35
2438,0.0796854938842333,0.127071625007377,4,0,67,0,0,0,45,0,1,0,0,1,0.15,0.05
2446,0.456330963784367,0.335195536790515,1,0,23,0,0,0,15,1,3,1,0,0,0.25,0.25
2448,0.501228219581057,0.49327659565483,2,0,21,0,0,0,190,1,8,1,1,1,0.25,0.75
2456,0.572925561854448,0.688903925860103,1,0,43,0,0,9,312,1,6,0,1,0,0.8,0.55
2476,0.837048670056901,0.85163877417264,2,0,26,0,1,13,129,1,8,1,1,1,0.95,0.75
2484,0.176375494479517,0.184022524332583,1,0,50,0,0,0,128,0,1,0,0,1,0,0.05
2502,0.252186947512391,0.245630174777726,3,0,45,0,0,0,186,1,1,0,0,1,0.1,0.05
2504,0.509358027512271,0.54234130130493,1,0,22,0,0,0,242,0,2,1,0,0,0.1,0.15
2507,0.577647197637393,0.575660191113672,2,0,28,0,0,5,283,0,6,0,1,0,0.65,0.55
2511,0.37762454985264,0.268204037679802,3,0,37,0,0,2,144,0,3,0,0,1,0.7,0.25
2514,0.93480147395797,0.924425390963733,2,0,35,0,1,23,268,1,9,1,1,1,1,0.85
2515,0.857695834465533,0.888474778172662,2,0,28,2,1,11,179,1,10,0,1,0,0.95,0.95
2519,0.963736567399533,0.872560182283945,2,0,32,1,3,24,129,1,7,1,1,1,1,0.65
2525,0.417153041082717,0.404151305870884,1,0,28,0,0,0,86,1,2,0,0,1,0.1,0.15
2533,0.434666333180027,0.811934082216769,1,0,19,0,0,0,45,0,6,1,1,1,0.15,0.55
2537,0.275797618576282,0.251072553051592,2,1,27,0,0,0,45,0,2,0,0,1,0.15,0.15
2543,0.968600983170827,0.861979576087751,2,0,37,2,3,24,66,1,8,0,1,0,1,0.75
2567,0.271144022394171,0.241187229320859,1,0,38,0,0,1,45,0,6,0,1,0,0.1,0.55
2572,0.417907721321065,0.56780836167367,2,1,28,0,0,2,297,1,5,1,1,1,0.5,0.45
2583,0.319076906329484,0.556492437244327,1,1,35,0,0,4,170,1,3,0,0,1,0.6,0.25
2586,0.319335295573751,0.188078257879532,1,0,40,0,0,1,42,1,1,0,0,1,0.4,0.05
2589,0.435367221247643,0.477272866302908,3,1,34,0,0,5,218,1,4,0,0,1,0.9,0.35
2605,0.271495140626,0.294167748394488,3,0,45,0,0,1,426,0,8,0,1,0,0.25,0.75
2613,0.238478669154716,0.163028411940467,1,0,46,0,0,0,371,1,1,0,0,1,0.35,0.05
2618,0.962554174488523,0.867273382764874,2,0,34,0,0,27,175,1,9,1,1,1,1,0.85
2624,0.249950300831972,0.341313119901055,2,0,51,0,0,0,306,1,2,1,0,0,0.25,0.15
2632,0.315907939365371,0.338691274871483,1,0,56,0,0,4,306,1,1,0,0,1,0.9,0.05
2638,0.390593067958478,0.37954006678435,1,0,23,0,0,0,45,0,4,0,0,1,0.3,0.35
2654,0.52341828823096,0.547282503322621,2,0,27,0,0,3,207,0,7,0,1,0,0.55,0.65
2681,0.290426181661901,0.21302057653004,2,0,43,0,0,1,344,1,3,0,0,1,0.15,0.25
2685,0.417343509371494,0.270755342921788,2,1,21,0,0,0,190,1,5,0,1,0,0.55,0.45
2687,0.135265307868925,0.16992596988487,1,0,54,0,0,0,45,0,1,0,0,1,0.15,0.05
2691,0.176974819120709,0.221627115987664,2,0,54,0,0,0,368,0,1,0,0,1,0.25,0.05
2703,0.254253804626056,0.237123777358549,2,0,51,0,0,3,172,1,7,0,1,0,0.45,0.65
2718,0.329698667003438,0.291106792357565,2,1,35,0,0,0,306,1,3,1,0,0,0.3,0.25
2719,0.428308946240764,0.503840588737019,2,0,23,0,0,1,167,1,4,1,0,0,0.25,0.35
2723,0.588006226609863,0.73494838238297,2,0,25,0,0,4,89,1,6,1,1,1,0.9,0.55
2737,0.70928404308454,0.69214569543559,2,0,26,0,0,9,126,1,8,1,1,1,0.9,0.75
2758,0.466764744337225,0.3817421457744,2,0,25,0,0,0,271,1,2,0,0,1,0.15,0.15
2765,0.28497665659178,0.2312528047691,2,1,26,0,0,0,45,0,2,0,0,1,0.2,0.15
2766,0.688661949338332,0.76975824046236,2,0,28,0,0,8,190,1,8,1,1,1,0.95,0.75
2767,0.135110228420485,0.0888537158651389,1,0,67,0,0,2,334,0,1,1,0,0,0.45,0.05
2772,0.544659745318125,0.712580829730427,2,0,23,0,0,2,92,0,8,1,1,1,0.65,0.75
2773,0.492923239410325,0.501557198961788,2,1,49,0,0,14,45,0,7,1,1,1,0.9,0.65
2780,0.115355501339569,0.149254930549672,1,0,58,0,0,0,45,0,1,0,0,1,0.1,0.05
2790,0.22747393816835,0.192766398062969,1,0,43,0,0,0,134,0,4,0,0,1,0.2,0.35
2794,0.498511891553092,0.668117582208851,1,0,27,0,1,4,45,0,4,1,0,0,0.9,0.35
2809,0.466573848255694,0.31840611252193,2,0,23,0,0,0,246,1,3,0,0,1,0.3,0.25
2820,0.083086395913087,0.145549683329539,1,0,66,0,0,0,45,0,1,0,0,1,0.15,0.05
2841,0.531012284417161,0.616304911750315,1,0,24,0,1,3,133,0,5,0,1,0,1,0.45
2843,0.236358245351603,0.181195165576329,1,0,39,0,0,0,45,0,1,0,0,1,0.25,0.05
2854,0.897742315196978,0.899193165622268,2,0,31,0,0,19,129,1,9,1,1,1,0.9,0.85
2865,0.553632687569961,0.741751779254289,2,0,22,0,0,2,89,1,4,1,0,0,0.6,0.35
2874,0.349117775983118,0.414432907095007,2,0,33,0,0,2,45,0,2,1,0,0,0.5,0.15
2897,0.521474457566642,0.486231244938952,1,0,28,0,0,1,306,1,7,1,1,1,0.45,0.65
2898,0.240966847373152,0.212880867685826,1,1,31,0,0,0,45,0,3,0,0,1,0,0.25
2901,0.636494093192069,0.616419682308646,2,0,26,0,0,6,303,1,9,1,1,1,0.75,0.85
2907,0.508398864623126,0.745524917912551,2,0,22,0,0,3,167,1,6,1,1,1,0.9,0.55
2910,0.235567823396941,0.183195009267247,1,0,42,0,0,0,128,0,4,0,0,1,0.1,0.35
2914,0.435511571029048,0.243851605836261,2,0,29,0,0,1,159,1,9,0,1,0,0.25,0.85
2917,0.567274406334883,0.689192401925722,1,0,26,0,0,3,243,0,4,0,0,1,0.85,0.35
2930,0.730701661005892,0.795989793339888,2,0,29,0,0,10,31,0,10,1,1,1,0.95,0.95
2934,0.517649895896383,0.462744649338482,2,0,25,0,0,1,64,1,3,1,0,0,0.45,0.25
2937,0.512599462931264,0.65941679103064,1,0,20,0,0,0,190,1,5,1,1,1,0.45,0.45
2943,0.261238878443316,0.173819128850528,1,0,42,0,0,0,16,1,1,0,0,1,0.25,0.05
2955,0.348676714439224,0.315974491739011,2,0,30,0,0,1,45,0,2,0,0,1,0.2,0.15
2959,0.424470021909168,0.574832575348748,2,0,26,0,0,2,45,0,7,0,1,0,0.4,0.65
3010,0.129536335310396,0.153497419528365,1,0,58,0,0,0,132,0,1,0,0,1,0.1,0.05
3019,0.157997720913593,0.190385372180536,1,0,50,0,0,0,45,0,2,1,0,0,0.05,0.15
3022,0.392443235515039,0.517878092736044,2,0,35,0,0,4,45,0,5,0,1,0,0.85,0.45
3055,0.296986092437584,0.383795030754295,2,0,61,0,0,5,306,1,2,0,0,1,0.8,0.15
3056,0.450664902080767,0.397736108931384,2,0,25,0,0,0,273,1,3,0,0,1,0.3,0.25
3084,0.26060934916551,0.422331722859276,2,1,50,0,0,7,45,0,4,0,0,1,0.9,0.35
3110,0.41245428005564,0.583909413834806,1,0,21,0,0,0,45,0,4,1,0,0,0.15,0.35
3113,0.417761373120644,0.554600074634655,3,0,34,0,0,2,416,1,3,1,0,0,0.6,0.25
3115,0.431989132612099,0.416264084305801,2,1,40,0,0,7,326,0,4,0,0,1,0.9,0.35
3122,0.284736964995669,0.217381405801263,1,0,46,0,0,2,283,0,4,0,0,1,0.5,0.35
3145,0.648727176384357,0.770733263465358,2,0,30,0,1,7,285,1,5,1,1,1,0.9,0.45
3146,0.325444384630042,0.248597271710301,3,0,37,0,0,0,377,1,3,1,0,0,0.1,0.25
3182,0.512987413793696,0.496248473614292,2,0,25,0,0,2,246,1,5,0,1,0,0.2,0.45
3205,0.228157041237415,0.249073611470441,1,0,49,0,0,2,134,0,1,0,0,1,0.3,0.05
3215,0.163544145925807,0.182460590897685,1,0,52,0,0,0,128,0,1,0,0,1,0.15,0.05
3229,0.461399513103627,0.572568556624122,1,0,26,0,0,2,99,1,5,0,1,0,0.9,0.45
3234,0.55091671356452,0.352450615348384,1,0,39,0,0,8,15,1,1,0,0,1,0.9,0.05
3236,0.826807505926229,0.864527714381429,2,0,29,0,0,12,306,1,10,1,1,1,0.95,0.95
3246,0.347241479320609,0.233557989683675,1,0,30,0,0,0,134,0,3,0,0,1,0.15,0.25
3248,0.391602476851285,0.428977589594712,1,0,70,0,0,11,306,1,1,1,0,0,0.65,0.05
3255,0.27782794504491,0.270761841140144,2,0,51,0,0,4,374,0,2,0,0,1,0.7,0.15
3273,0.599749183634522,0.630053057777707,2,0,21,0,0,1,306,1,9,1,1,1,0.5,0.85
3285,0.389421352479372,0.414014546705123,2,0,46,0,0,5,7,1,5,1,1,1,0.8,0.45
3289,0.771864666045809,0.463896503295955,2,0,38,0,0,15,16,1,6,0,1,0,1,0.55
3293,0.34197891027113,0.219174216949081,1,1,27,0,0,0,303,1,3,0,0,1,0.25,0.25
3298,0.505446228224141,0.676680841630971,1,0,31,0,0,6,45,0,5,0,1,0,0.85,0.45
3309,0.608671861452055,0.559483168415376,1,0,26,0,0,5,382,1,5,1,1,1,0.8,0.45
3315,0.131534893892328,0.112864400301688,1,0,62,0,0,0,31,0,1,0,0,1,0.05,0.05
3322,0.489855705560023,0.483315044256253,2,0,22,0,0,0,190,1,4,1,0,0,0.35,0.35
3337,0.787693474661685,0.638519833045572,2,0,32,0,0,14,172,1,8,1,1,1,1,0.75
3347,0.489714432389877,0.706945555021281,2,1,36,0,0,7,92,1,3,1,0,0,0.85,0.25
3387,0.218408180614518,0.379433596721752,2,0,52,0,0,1,423,0,1,1,0,0,0.2,0.05
3398,0.694238826104238,0.811129559403817,2,0,21,1,2,3,92,1,10,1,1,1,0.85,0.95
3408,0.358058468680868,0.68110247326239,1,1,19,0,0,0,170,1,3,1,0,0,0.35,0.25
3412,0.369162531391163,0.350926809901333,1,0,25,0,0,0,45,0,2,0,0,1,0.15,0.15
3438,0.358631937162025,0.324442382825725,1,0,26,0,0,0,45,0,6,1,1,1,0.1,0.55
3444,0.314231975714009,0.320760867648852,1,0,44,0,0,0,306,1,2,1,0,0,0.2,0.15
3480,0.176657717542415,0.203998742349512,2,0,53,0,0,1,134,0,2,0,0,1,0,0.15
3483,0.305349429601226,0.30232001307483,1,0,39,0,0,0,423,0,1,0,0,1,0.35,0.05
3488,0.391303008601658,0.341980723840166,1,0,36,0,0,2,280,1,1,0,0,1,0.55,0.05
3508,0.428446425144669,0.412960905568796,2,1,20,0,0,0,190,1,5,0,1,0,0.1,0.45
3510,0.647390220879865,0.668314161533122,1,0,36,1,0,10,45,0,9,1,1,1,0.85,0.85
3511,0.468229844169387,0.312699637526177,1,0,23,0,0,0,280,1,3,0,0,1,0.3,0.25
3552,0.337982438830684,0.336821266578535,1,0,28,0,0,0,45,0,3,0,0,1,0.2,0.25
3562,0.193355821359814,0.307505112576188,2,0,52,0,0,0,367,1,1,0,0,1,0.2,0.05
3574,0.531743332807769,0.705675874040823,2,0,24,0,0,2,163,1,3,1,0,0,0.8,0.25
3585,0.152289459955395,0.207663670228222,1,0,54,0,0,1,45,0,1,1,0,0,0.35,0.05
3602,0.671232007779598,0.710531614297994,2,0,35,0,0,10,426,0,8,1,1,1,0.95,0.75
3631,0.201835087325959,0.18546186771317,1,1,36,0,0,0,45,0,1,0,0,1,0.05,0.05
3635,0.446645643283248,0.553552734552478,2,1,24,0,0,2,89,1,4,0,0,1,0.45,0.35
3636,0.292311625893215,0.348648287898823,2,1,54,0,0,7,183,1,6,0,1,0,0.75,0.55
3641,0.358631937162025,0.324442382825725,1,0,26,0,0,0,45,0,6,0,1,0,0.15,0.55
3642,0.349532230357133,0.2309035313857,2,0,41,0,0,3,172,1,4,1,0,0,0.55,0.35
3647,0.512599462931264,0.65941679103064,2,0,20,0,0,0,190,1,3,0,0,1,0.35,0.25
3656,0.484477765770694,0.508265072214759,2,0,22,0,0,0,328,0,9,0,1,0,0.1,0.85
3674,0.275774018372004,0.173769487586046,2,1,32,0,0,0,172,1,2,0,0,1,0.15,0.15
3676,0.285987316782687,0.417994275134543,2,0,50,0,0,1,306,1,5,0,1,0,0.4,0.45
3679,0.173473252123288,0.162575203191324,1,1,47,0,0,0,326,0,3,1,0,0,0.55,0.25
3692,0.548526173850672,0.527222626175397,2,0,41,0,0,8,129,1,2,1,0,0,0.95,0.15
3722,0.423995776300912,0.484083827638415,2,0,23,0,0,1,45,0,7,1,1,1,0.25,0.65
3732,0.47606853765671,0.479879971652307,2,0,26,0,0,1,93,0,1,0,0,1,0.15,0.05
3738,0.828724739363373,0.752915490272414,1,0,28,0,0,14,246,1,9,0,1,0,0.95,0.85
3751,0.887959729789828,0.851629180575188,2,0,41,2,0,18,410,0,10,1,1,1,0.9,0.95
3761,0.420042191142014,0.474396776033448,2,0,42,0,0,7,169,1,5,1,1,1,1,0.45
3768,0.225056995903927,0.249220199928703,2,1,36,0,0,1,45,0,1,0,0,1,0.35,0.05
3774,0.102141433985978,0.140812488178114,1,0,61,0,0,0,45,0,1,0,0,1,0.05,0.05
3783,0.247942307526033,0.193088004244813,1,0,38,0,0,0,169,1,1,0,0,1,0.2,0.05
3788,0.365184952156276,0.323008532782282,1,0,39,0,0,0,306,1,4,0,0,1,0.35,0.35
3790,0.510112388336893,0.41595916728734,1,0,29,0,0,1,306,1,3,0,0,1,0.35,0.25
3794,0.234997553048615,0.176639574005773,2,0,46,0,0,0,246,1,7,1,1,1,0.05,0.65
3805,0.422246862113552,0.377654831009436,1,0,28,0,0,0,190,1,2,1,0,0,0.2,0.15
3818,0.499716834335545,0.363584651219882,2,0,23,0,0,1,206,0,4,0,0,1,0.3,0.35
3841,0.190286845940002,0.218264130143719,1,0,56,0,0,1,179,1,2,0,0,1,0,0.15
3847,0.616548776728471,0.740989338683296,2,0,22,1,0,2,418,1,7,1,1,1,0.8,0.65
3848,0.606764448615693,0.624954105978424,2,0,26,0,0,5,11,1,8,1,1,1,0.95,0.75
3854,0.524441933961609,0.56806548154052,2,0,22,0,0,1,190,1,3,1,0,0,0.75,0.25
3863,0.441709374522331,0.409647164953701,1,0,26,0,0,0,93,0,2,0,0,1,0.05,0.15
3869,0.389549972806211,0.311175456289335,2,0,26,0,0,0,128,0,4,0,0,1,0.25,0.35
3919,0.387908146738875,0.510210919074502,4,0,46,0,0,3,306,1,5,1,1,1,0.75,0.45
3925,0.51716509276359,0.52761864799669,2,0,22,0,0,0,58,1,3,1,0,0,0.45,0.25
3941,0.253173313243384,0.192239151803869,1,0,37,0,0,0,45,0,3,0,0,1,0.1,0.25
3950,0.476979111940769,0.543846353949397,1,0,38,0,0,3,306,1,9,1,1,1,0.8,0.85
3952,0.278953955816785,0.182814309135569,1,0,37,0,0,0,134,0,4,0,0,1,0.05,0.35
3957,0.48980199244208,0.323462696777619,3,0,24,0,0,1,84,0,2,0,0,1,0.25,0.15
3999,0.317221260760879,0.289773067511269,2,0,41,0,0,1,188,1,1,0,0,1,0.3,0.05
4028,0.209263819712467,0.191016498831514,2,1,35,0,0,0,45,0,4,0,0,1,0.15,0.35
4029,0.337982438830684,0.336821266578535,3,0,28,0,0,0,45,0,2,1,0,0,0.3,0.15
4076,0.560135044954078,0.524753889955142,2,0,33,0,0,6,246,1,6,0,1,0,0.85,0.55
4082,0.465699139522786,0.396003018729459,1,0,24,0,0,0,375,1,5,1,1,1,0.25,0.45
4098,0.573316673149391,0.606578401708624,2,0,26,0,0,4,344,1,4,1,0,0,0.8,0.35
4101,0.606569544452345,0.720061269127848,2,0,31,0,2,8,45,0,10,1,1,1,0.95,0.95
4105,0.603472174150825,0.693804389676522,1,0,33,0,0,7,229,1,9,1,1,1,0.75,0.85
4112,0.562819167753864,0.62072744354821,2,0,21,0,0,1,65,1,3,0,0,1,0.5,0.25
4117,0.161070999635275,0.207953094261889,1,1,48,0,0,1,133,0,1,0,0,1,0.05,0.05
4122,0.365355924836848,0.160281699378824,1,1,25,0,0,0,1,1,6,0,1,0,0.2,0.55
4126,0.391835737817055,0.215073462232889,2,0,30,0,0,0,319,1,2,1,0,0,0.35,0.15
4139,0.733873942504676,0.591262440505734,2,0,35,0,1,14,45,0,8,1,1,1,0.85,0.75
4159,0.341346113412923,0.350558402791611,1,0,41,0,0,1,58,1,2,1,0,0,0.15,0.15
4161,0.135265307868925,0.16992596988487,2,0,54,0,0,0,45,0,1,1,0,0,0.15,0.05
4164,0.40532820018238,0.557427902963802,1,1,40,0,0,4,306,1,4,0,0,1,0.9,0.35
4165,0.51716509276359,0.52761864799669,2,0,22,0,0,0,35,1,7,0,1,0,0.25,0.65
4182,0.379161952506938,0.352681429692086,1,0,32,0,0,0,317,1,5,0,1,0,0.65,0.45
4186,0.157096935789031,0.220938216984433,1,0,59,0,0,0,297,1,1,0,0,1,0.1,0.05
4193,0.197779885653658,0.199546807244873,3,0,44,0,0,0,45,0,1,0,0,1,0.05,0.05
4226,0.502293550669434,0.618706817191548,1,0,31,0,0,3,313,1,4,1,0,0,0.75,0.35
4255,0.42167847539764,0.297737990166708,1,0,27,0,0,0,246,1,5,0,1,0,0.35,0.45
4258,0.400421625622564,0.332651839616227,1,0,25,0,0,0,134,0,2,0,0,1,0.05,0.15
4288,0.194003490017737,0.260177743003113,1,0,51,0,0,2,6,1,1,0,0,1,0.45,0.05
4290,0.408627327110518,0.259889595453805,2,0,29,0,0,1,374,0,1,0,0,1,0.15,0.05
4335,0.386526063397907,0.253007611153552,2,0,37,0,0,0,306,1,9,0,1,0,0.25,0.85
4336,0.501131033651538,0.370050062801908,2,0,23,0,0,1,303,1,4,0,0,1,0.45,0.35
4342,0.537331617132074,0.536332108752573,2,0,23,0,0,2,280,1,8,1,1,1,0.85,0.75
4368,0.524441933961609,0.56806548154052,3,0,22,0,0,1,190,1,4,1,0,0,0.85,0.35
4371,0.160507601889436,0.156654769498818,1,0,57,0,0,0,328,0,1,0,0,1,0.05,0.05
4397,0.38844087053216,0.360723239961353,2,0,37,0,0,2,129,1,4,1,0,0,0.55,0.35
4403,0.557777117999423,0.632710647375913,2,0,40,0,0,6,306,1,7,0,1,0,0.75,0.65
4404,0.336450090663313,0.232204672417339,2,1,28,0,0,0,171,1,10,1,1,1,0.3,0.95
4408,0.431893163548939,0.526695596399101,2,0,42,0,0,3,306,1,1,0,0,1,0.75,0.05
4421,0.378879306895791,0.369628056631985,2,1,53,0,0,10,15,1,2,1,0,0,0.9,0.15
4426,0.205506087641758,0.250084757027447,1,1,43,0,0,0,186,0,2,0,0,1,0.3,0.15
4436,0.625173935364566,0.768454331207997,2,0,23,0,0,4,251,1,10,1,1,1,0.95,0.95
4441,0.152444039299635,0.18498938724606,1,1,54,0,0,1,337,0,2,0,0,1,0.05,0.15
4444,0.434942787359616,0.623162898033629,1,1,25,0,0,2,140,1,10,0,1,0,0.75,0.95
4461,0.299080137603481,0.336196548160663,1,0,64,0,0,8,129,1,1,0,0,1,0.65,0.05
4476,0.754322975476131,0.598990989391234,2,0,60,0,0,19,306,1,8,1,1,1,0.85,0.75
4510,0.171032449349075,0.220987337818271,1,0,54,0,0,2,45,0,1,0,0,1,0.3,0.05
4518,0.605679457711778,0.677495605382192,2,0,24,0,0,5,172,1,3,1,0,0,0.9,0.25
4520,0.387164937868621,0.406469486512896,2,1,30,0,0,3,172,1,6,1,1,1,0.6,0.55
4524,0.512599462931264,0.65941679103064,1,0,20,0,0,0,190,1,4,0,0,1,0.3,0.35
4534,0.232743936979337,0.19024940281582,2,1,32,0,0,0,45,0,2,0,0,1,0.15,0.15
4536,0.22414729462489,0.275312930758206,1,1,44,0,0,1,190,1,1,0,0,1,0.35,0.05
4546,0.44165196960752,0.314014195346997,2,0,32,0,0,0,306,1,1,1,0,0,0.2,0.05
4553,0.401983969227431,0.29641115417484,3,0,34,0,0,2,239,0,3,0,0,1,0.3,0.25
4558,0.360204864102905,0.203747109373734,1,0,33,0,0,0,336,1,1,0,0,1,0.05,0.05
4593,0.244668130143789,0.184793084039602,4,0,38,0,0,0,45,0,1,0,0,1,0.1,0.05
4596,0.146265925772201,0.189937338686712,2,0,52,0,0,0,45,0,1,1,0,0,0.05,0.05
4609,0.176375494479517,0.184022524332583,1,0,50,0,0,0,134,0,1,0,0,1,0.05,0.05
4612,0.549667460811874,0.69424260688832,1,0,31,0,0,4,175,1,7,1,1,1,0.95,0.65
4620,0.34436072620876,0.319435265893488,1,0,41,0,0,0,306,1,2,0,0,1,0.45,0.15
4629,0.1300314986616,0.170352748494303,1,0,55,0,0,0,45,0,1,1,0,0,0.1,0.05
4634,0.378787015032754,0.319743633951248,1,0,27,0,0,0,133,0,4,1,0,0,0.2,0.35
4637,0.399301817002395,0.473468058164052,2,0,36,0,0,2,129,1,1,1,0,0,0.6,0.05
4640,0.783707619018663,0.818104515293421,2,0,25,0,1,10,112,1,10,1,1,1,0.85,0.95
4641,0.233090830464997,0.250465250706889,1,1,35,0,0,1,45,0,4,0,0,1,0.35,0.35
4643,0.70557673841828,0.661116565191134,2,0,32,0,1,12,45,0,10,1,1,1,1,0.95
4655,0.704491311050001,0.66901527230382,1,0,31,0,0,10,283,0,8,0,1,0,0.7,0.75
4686,0.117969225502013,0.181197087148566,2,1,50,0,0,0,45,0,1,0,0,1,0.05,0.05
4692,0.177013294344168,0.193292716624275,1,0,47,0,0,0,45,0,1,0,0,1,0.15,0.05
4694,0.245386466150966,0.278691314685388,1,0,44,0,0,2,45,0,4,0,0,1,0.45,0.35
4701,0.842961179541615,0.863227018927933,1,0,38,0,0,17,175,1,10,0,1,0,0.9,0.95
4703,0.444011882497888,0.291801535926446,3,0,25,0,0,0,246,1,2,1,0,0,0.3,0.15
4719,0.327878992516318,0.250582713641211,1,0,29,0,0,0,45,0,1,0,0,1,0.05,0.05
4724,0.102429616642899,0.134819778270208,2,1,64,0,0,1,337,0,1,1,0,0,0.15,0.05
4730,0.547069459080236,0.771754180677164,1,0,20,0,0,1,192,1,2,1,0,0,0.65,0.15
4748,0.249385846817937,0.206775161099531,2,1,30,0,0,0,45,0,3,0,0,1,0.1,0.25
4754,0.31465051507241,0.390385191591744,2,0,47,0,0,1,306,1,1,0,0,1,0.35,0.05
4761,0.431260546513535,0.374893072715015,3,0,30,0,0,2,374,0,2,1,0,0,0.45,0.15
4766,0.513569580827398,0.647768391837403,1,0,26,0,0,2,190,1,9,1,1,1,0.7,0.85
4767,0.465643142118086,0.512111797847524,1,0,39,0,0,3,306,1,2,0,0,1,0.7,0.15
4774,0.114908842852019,0.145185300459418,1,0,61,0,0,0,128,0,1,0,0,1,0.35,0.05
4776,0.333070194440474,0.317023634830929,2,0,38,0,0,3,169,1,2,1,0,0,0.65,0.15
4809,0.499687624181784,0.62354114904409,1,1,39,0,0,8,268,1,7,1,1,1,0.7,0.65
4820,0.508703807553103,0.430379378858596,2,0,62,0,0,13,339,1,8,1,1,1,0.85,0.75
4833,0.524926142429754,0.649687856513837,1,0,25,0,0,2,190,1,5,0,1,0,0.8,0.45
4834,0.443460591576337,0.478026910261684,2,1,27,0,0,3,342,1,5,0,1,0,0.95,0.45
4835,0.380145186670734,0.324345663703584,2,0,37,0,0,1,175,1,10,0,1,0,0.15,0.95
4841,0.1300314986616,0.170352748494303,1,0,55,0,0,0,45,0,1,0,0,1,0.15,0.05
4860,0.303874187493413,0.223699629750886,2,1,24,0,0,0,45,0,2,0,0,1,0.3,0.15
4870,0.498798057718854,0.486831616476788,1,0,24,0,0,1,93,0,2,0,0,1,0.2,0.15
4873,0.45404762347372,0.553030654669653,2,1,27,0,0,4,126,1,6,1,1,1,0.85,0.55
4881,0.392458476631102,0.325038646601193,2,0,31,0,0,0,112,1,6,0,1,0,0.45,0.55
4907,0.913020013204647,0.925739887959416,2,0,31,2,1,16,190,1,9,1,1,1,0.9,0.85
4931,0.160358299511291,0.194045776933579,1,0,50,0,0,0,169,1,1,1,0,0,0.05,0.05
4933,0.769815720887891,0.653220772570321,2,0,37,0,0,14,129,1,8,0,1,0,1,0.75
4940,0.648282879079998,0.531027818025283,2,0,34,0,0,9,246,1,10,1,1,1,0.85,0.95
4943,0.592170161008113,0.638094619882914,2,0,46,1,0,9,190,1,9,1,1,1,0.8,0.85
4967,0.743246964692858,0.634047292363438,2,0,32,0,3,10,358,1,6,1,1,1,1,0.55
4971,0.608234553246521,0.915665055640861,2,0,19,0,1,2,190,1,7,1,1,1,0.95,0.65
4977,0.968473263858724,0.877150904451096,1,0,39,6,1,17,306,1,7,1,1,1,0.95,0.65
4991,0.491735226419004,0.634976948593534,2,0,58,0,0,10,306,1,3,1,0,0,0.85,0.25
4996,0.457375927189588,0.333741960300247,1,0,27,0,0,1,100,1,1,0,0,1,0.75,0.05
5001,0.390593067958478,0.37954006678435,2,0,23,0,0,0,45,0,2,1,0,0,0.15,0.15
5027,0.658848436989955,0.773578130733891,2,0,27,0,0,6,175,1,4,1,0,0,0.9,0.35
5042,0.669216636453696,0.713088706751075,2,0,45,0,0,13,424,0,7,1,1,1,0.95,0.65
5049,0.312640103378204,0.220552453573665,1,1,26,0,0,0,128,0,2,0,0,1,0.25,0.15
5052,0.260863233264172,0.250403334630422,1,0,44,0,0,0,186,1,4,0,0,1,0.05,0.35
5057,0.167909084486015,0.188606931837421,2,1,49,0,0,1,172,1,1,0,0,1,0.35,0.05
5069,0.589092352547614,0.62142244568821,2,0,24,1,0,2,326,0,10,1,1,1,0.9,0.95
5074,0.318353705209402,0.28786542963879,2,0,33,0,0,1,45,0,1,1,0,0,0.05,0.05
5096,0.241291824618306,0.233808016275814,2,1,38,0,0,0,426,0,4,0,0,1,0,0.35
5103,0.635304560872704,0.744724620334385,3,0,30,0,0,7,5,1,9,0,1,0,1,0.85
5114,0.92728804993483,0.891211454203859,1,0,50,0,0,26,306,1,7,1,1,1,0.9,0.65
5123,0.518619401574538,0.630150699822677,2,0,31,0,0,3,60,1,3,1,0,0,0.95,0.25
5127,0.322499285282466,0.213198503914872,1,1,25,0,0,0,128,0,4,0,0,1,0.2,0.35
5128,0.262247118860035,0.219815609588449,3,0,39,0,0,1,45,0,2,0,0,1,0.3,0.15
5134,0.910463571339944,0.917478545645162,1,0,27,0,0,18,175,1,9,1,1,1,0.9,0.85
5138,0.489273381417266,0.400998754568002,1,0,21,0,0,0,303,1,7,1,1,1,0.05,0.65
5177,0.339286944207192,0.333419521850703,3,0,37,0,0,3,45,0,1,1,0,0,0.55,0.05
5213,0.43173682731758,0.374371375591355,3,0,33,0,0,3,127,0,2,0,0,1,0.7,0.15
5217,0.256522653802581,0.200785985617896,2,0,37,0,0,0,169,1,1,1,0,0,0.25,0.05
5223,0.439715037693449,0.330276641258994,2,1,23,0,0,1,268,1,5,1,1,1,0.6,0.45
5224,0.520989941369074,0.368739469893764,2,0,25,0,0,0,277,1,8,1,1,1,0.6,0.75
5249,0.415996616018244,0.332423421327443,2,0,28,0,0,0,236,1,4,0,0,1,0.1,0.35
5263,0.748653279794912,0.942495669851654,2,0,19,2,1,3,71,1,10,1,1,1,0.95,0.95
5270,0.308149454652767,0.248485475393467,2,0,31,0,0,0,45,0,4,0,0,1,0.2,0.35
5297,0.726022814493888,0.761675398539567,2,1,30,0,0,15,45,0,8,1,1,1,0.9,0.75
5307,0.534263972358456,0.664962190277798,2,0,36,0,0,4,306,1,4,0,0,1,0.7,0.35
5326,0.370520026840157,0.415926755206857,1,0,34,0,0,3,45,0,4,1,0,0,0.65,0.35
5330,0.357624106713899,0.23985709084901,2,0,29,0,0,0,134,0,1,1,0,0,0.1,0.05
5342,0.335220032895042,0.464790030138423,1,0,47,0,0,3,242,0,5,0,1,0,0.55,0.45
5349,0.512599462931264,0.65941679103064,1,0,20,0,0,0,190,1,10,1,1,1,0.4,0.95
5352,0.411392215061412,0.333978405073239,2,0,24,0,0,0,128,0,2,1,0,0,0.25,0.15
5354,0.496332142344627,0.47565133594298,2,0,24,0,0,1,328,0,9,1,1,1,0.4,0.85
5369,0.244107035206054,0.188029301186295,2,0,45,0,0,0,199,0,1,0,0,1,0.15,0.05
5370,0.423995776300912,0.484083827638415,2,0,23,0,0,1,45,0,2,0,0,1,0.15,0.15
5372,0.332332740878295,0.242026606726827,2,1,29,0,0,0,190,1,2,0,0,1,0.4,0.15
5383,0.501250420940201,0.69910886879023,2,1,19,0,0,1,65,1,9,1,1,1,0.65,0.85
5387,0.279836663467561,0.210660657263068,2,0,34,0,0,0,45,0,1,1,0,0,0.15,0.05
5420,0.56959685197771,0.728203785886474,2,0,22,0,0,2,297,1,4,1,0,0,0.6,0.35
5432,0.331741353208758,0.38249595242549,1,0,56,0,0,9,45,0,1,1,0,0,0.95,0.05
5433,0.486476479054613,0.603401741879936,2,1,20,0,0,1,175,1,8,1,1,1,0.6,0.75
5438,0.547069459080236,0.771754180677164,2,0,20,0,0,1,186,1,10,1,1,1,0.55,0.95
5449,0.438355093245037,0.373478261284875,1,0,32,0,0,1,64,1,3,0,0,1,0.25,0.25
5454,0.384204874860887,0.243547028107209,1,1,25,0,0,0,313,1,4,1,0,0,0.2,0.35
5485,0.491349004177057,0.53181065062695,2,0,22,0,0,0,92,1,8,1,1,1,0.15,0.75
5489,0.69593520186388,0.795331507639274,2,0,24,0,0,7,21,1,8,1,1,1,1,0.75
5500,0.200669105517154,0.275550028834282,1,0,72,0,0,7,344,1,4,0,0,1,0.4,0.35
5506,0.568148694541918,0.690450856125599,1,0,24,0,0,3,21,1,5,1,1,1,0.75,0.45
5515,0.212939762181965,0.240906025718308,2,0,45,0,0,1,45,0,1,0,0,1,0.2,0.05
5535,0.562819167753864,0.62072744354821,1,0,21,0,0,1,58,1,6,1,1,1,0.45,0.55
5543,0.262999095569909,0.286920916841492,1,0,45,0,0,3,45,0,3,1,0,0,0.6,0.25
5544,0.447331926461156,0.582078480647187,2,1,24,0,0,2,181,1,4,0,0,1,0.8,0.35
5553,0.405720127544496,0.506030100352259,1,0,22,0,0,0,6,1,3,0,0,1,0.35,0.25
5557,0.202959382155762,0.3181793760742,2,0,51,0,0,0,423,0,4,1,0,0,0.4,0.35
5563,0.430464577894149,0.324368760284281,1,0,33,0,0,0,306,1,6,1,1,1,0.2,0.55
5575,0.655625445254008,0.809373093776796,2,1,29,0,0,9,250,1,7,1,1,1,0.85,0.65
5593,0.451069481858339,0.456581850142405,1,0,37,0,0,4,21,0,4,1,0,0,0.8,0.35
5600,0.369162531391163,0.350926809901333,2,0,25,0,0,0,45,0,5,1,1,1,0.1,0.45
5607,0.37775881841344,0.440756638612902,1,0,38,0,0,2,311,1,3,0,0,1,0.8,0.25
5614,0.417397571597451,0.344211033314629,2,0,33,0,0,2,10,1,8,1,1,1,0.75,0.75
5623,0.397110376169181,0.310423094326324,1,0,32,0,0,0,242,0,6,1,1,1,0.15,0.55
5634,0.307219638739052,0.296325908197026,1,0,39,0,0,0,179,1,1,0,0,1,0.05,0.05
5635,0.17430678465167,0.239692545494301,1,1,52,0,0,3,128,0,1,0,0,1,0.5,0.05
5646,0.732152538409815,0.834411864651446,2,0,23,0,0,6,306,1,6,1,1,1,0.9,0.55
5647,0.180090350154287,0.173711316264715,2,1,42,0,0,0,133,0,1,1,0,0,0.1,0.05
5650,0.654677636237717,0.745720848397749,2,0,28,0,0,5,306,1,4,0,0,1,0.95,0.35
5655,0.294337027387456,0.225991145790962,1,1,25,0,0,0,45,0,3,0,0,1,0.1,0.25
5669,0.892719325152684,0.874870202869539,2,0,32,0,0,17,306,1,8,1,1,1,0.95,0.75
5670,0.891118039377955,0.950654089337247,1,0,18,5,0,4,58,1,8,1,1,1,0.95,0.75
5673,0.680781163916599,0.587102933917469,2,0,32,0,0,10,172,1,6,1,1,1,0.95,0.55
5678,0.855023537029717,0.823846433422097,2,0,38,0,1,16,260,1,9,1,1,1,0.95,0.85
5689,0.524441933961609,0.56806548154052,1,0,22,0,0,1,186,1,4,0,0,1,0.7,0.35
5727,0.846367420401447,0.755899255065799,2,0,40,0,0,21,168,1,5,0,1,0,0.85,0.45
5745,0.479462748888654,0.572441683485086,2,0,29,0,0,2,190,1,3,0,0,1,0.45,0.25
5754,0.778504426029478,0.748011474979106,2,0,34,0,0,13,297,1,4,1,0,0,0.9,0.35
5760,0.269895683480901,0.175653912932223,1,0,38,0,0,0,132,0,1,0,0,1,0.2,0.05
5765,0.835539513838988,0.859695134492297,2,0,51,1,0,19,175,1,9,0,1,0,1,0.85
5793,0.350551612323613,0.385762116009203,2,1,36,0,0,1,306,1,3,1,0,0,0.3,0.25
5801,0.433322883095224,0.66253370515245,1,0,51,0,0,6,306,1,3,1,0,0,0.9,0.25
5818,0.394799342023376,0.398324323944121,2,0,23,0,0,0,169,1,5,0,1,0,0.25,0.45
5821,0.40287511883625,0.515341611898195,1,0,31,0,0,3,45,0,5,0,1,0,0.45,0.45
5825,0.800774041485644,0.862397153303959,2,0,24,0,0,11,190,1,9,1,1,1,0.95,0.85
5830,0.552074827253794,0.664741558249563,1,0,25,0,0,2,55,1,4,0,0,1,0.85,0.35
5850,0.431780633565513,0.55258793123417,1,1,25,0,0,2,408,0,3,1,0,0,0.7,0.25
5852,0.143080420775947,0.169288130176014,2,1,55,0,0,1,246,1,1,0,0,1,0.1,0.05
5877,0.630608363383482,0.631178643173764,2,0,35,0,1,8,129,1,9,0,1,0,0.75,0.85
5882,0.261332480703186,0.334269529066855,2,0,44,0,0,0,317,1,2,1,0,0,0.4,0.15
5886,0.140675715000713,0.1794780960013,1,0,53,0,0,0,45,0,1,0,0,1,0.05,0.05
5917,0.358070264131041,0.261706322396015,2,0,32,0,0,1,132,0,4,1,0,0,0.25,0.35
5921,0.291061522421534,0.429781929773881,1,0,52,0,0,4,426,0,3,1,0,0,0.55,0.25
5923,0.395727527725127,0.47673367518587,1,0,29,0,0,2,169,1,2,0,0,1,0.35,0.15
5935,0.597000229647664,0.696556102882421,2,0,24,0,0,3,58,1,4,1,0,0,0.95,0.35
5939,0.366085629243046,0.496271352170946,1,0,45,0,0,2,306,1,1,0,0,1,0.6,0.05
5951,0.227806281861742,0.220492001022087,3,1,33,0,0,0,6,1,2,0,0,1,0.05,0.15
5968,0.468542868064081,0.533363158361589,1,0,57,0,0,9,306,1,4,1,0,0,0.95,0.35
5985,0.0976569414876248,0.125737511839093,1,0,65,0,0,0,134,0,1,0,0,1,0,0.05
5993,0.170757349233662,0.229205547292711,1,0,51,0,0,1,45,0,2,0,0,1,0.25,0.15
5997,0.479464185701387,0.373362689468654,1,0,24,0,0,1,15,1,6,0,1,0,0.6,0.55
6000,0.421794938289872,0.270100171455678,2,1,23,0,0,0,292,1,5,1,1,1,0.15,0.45
6022,0.271646830270341,0.294814047965383,1,0,58,0,0,5,190,1,3,1,0,0,0.9,0.25
6043,0.224387397948756,0.276245888180926,1,0,50,0,0,3,169,1,3,0,0,1,0.4,0.25
6056,0.866248251020772,0.864691120918446,1,0,31,0,0,17,319,1,8,1,1,1,1,0.75
6064,0.240966847373152,0.212880867685826,1,1,31,0,0,0,45,0,2,0,0,1,0.2,0.15
6094,0.627889374479516,0.594889894550401,1,0,30,0,0,7,100,1,10,1,1,1,0.95,0.95
6096,0.540359475447332,0.766607472813915,2,0,20,0,0,1,21,0,9,1,1,1,0.5,0.85
6129,0.483541454582526,0.463411836155283,2,0,28,0,0,1,56,1,1,0,0,1,0.2,0.05
6164,0.307055853736235,0.289120176794202,2,1,37,0,0,1,66,1,1,0,0,1,0.2,0.05
6170,0.61224768959463,0.642389500774556,2,0,29,0,1,8,45,0,9,1,1,1,1,0.85
6171,0.215030449852784,0.243607767329037,2,1,45,0,0,1,129,1,1,0,0,1,0.1,0.05
6189,0.157924234314008,0.266253864980716,1,1,46,0,0,1,167,1,2,0,0,1,0.4,0.15
6205,0.621071353310244,0.380967450284301,2,0,53,0,0,15,172,1,1,1,0,0,0.95,0.05
6207,0.304737297531381,0.153979397950602,2,0,38,0,0,0,145,0,8,1,1,1,0.15,0.75
6229,0.424821940758085,0.362754157563483,1,0,38,0,0,5,176,0,5,1,1,1,0.75,0.45
6240,0.258576244091734,0.342584927231621,2,0,50,0,0,0,306,1,1,0,0,1,0.15,0.05
6249,0.376076081920105,0.437296365817617,1,0,38,0,0,2,85,1,3,1,0,0,0.6,0.25
6251,0.50493135178859,0.4732786421307,2,0,33,0,0,5,172,1,4,0,0,1,0.8,0.35
6264,0.261389848286527,0.234182904422669,2,1,29,0,0,0,6,1,10,0,1,0,0.1,0.95
6267,0.113316953850272,0.176381572659347,1,1,51,0,0,0,45,0,1,1,0,0,0.1,0.05
6278,0.322315956566599,0.24156677256012,2,1,30,0,0,0,193,1,2,0,0,1,0.15,0.15
6314,0.512599462931264,0.65941679103064,1,0,20,0,0,0,187,1,6,1,1,1,0.3,0.55
6315,0.697115181015269,0.767296897607054,2,0,30,0,0,9,129,1,3,1,0,0,0.75,0.25
6319,0.545581829711028,0.71501493231501,2,0,23,0,0,2,423,0,9,1,1,1,0.9,0.85
6320,0.889464119142206,0.831658349132744,2,0,39,0,0,21,129,1,10,1,1,1,1,0.95
6339,0.553606207623611,0.620454739574372,2,0,49,0,0,11,426,0,5,1,1,1,0.85,0.45
6360,0.365184952156276,0.323008532782282,1,0,39,0,0,0,306,1,3,0,0,1,0.35,0.25
6377,0.513179030668178,0.659399146511262,1,0,27,0,0,2,278,1,7,1,1,1,0.7,0.65
6379,0.535385256471712,0.593708818290901,1,0,22,0,0,1,253,1,6,0,1,0,0.75,0.55
6386,0.484411875724297,0.581933499694652,3,0,28,0,0,2,204,1,3,1,0,0,0.8,0.25
6389,0.597244374762741,0.761020130825957,1,1,29,0,0,6,306,1,7,1,1,1,0.95,0.65
6391,0.52942776852717,0.671356175482599,2,0,24,0,0,2,402,0,8,1,1,1,0.6,0.75
6420,0.749112862384097,0.670332237556858,2,0,24,0,1,9,239,0,9,1,1,1,0.75,0.85
6424,0.26619438178766,0.19129826128796,3,0,45,0,0,1,283,0,1,0,0,1,0.3,0.05
6432,0.290707648700368,0.403817514427708,1,1,42,0,0,3,163,1,5,0,1,0,0.7,0.45
6443,0.591670498346596,0.691713732291785,1,0,28,0,0,5,129,1,5,0,1,0,1,0.45
6449,0.559904934387655,0.75011408788879,2,0,51,0,0,11,243,0,5,1,1,1,0.9,0.45
6481,0.313583047689822,0.239240708416244,2,1,23,0,0,0,45,0,4,0,0,1,0.1,0.35
6503,0.346963203249731,0.210824571025176,3,0,37,0,0,1,246,1,2,1,0,0,0.15,0.15
6525,0.235484830129511,0.349160025324282,1,0,51,0,0,1,297,1,1,1,0,0,0.2,0.05
6537,0.580616166788541,0.733855637330906,1,0,26,0,0,4,377,1,4,1,0,0,0.75,0.35
6546,0.490826125978756,0.643442349602954,3,0,28,0,0,2,190,1,8,0,1,0,0.75,0.75
6570,0.3452379749258,0.495941976537926,1,0,47,0,0,2,306,1,4,0,0,1,0.6,0.35
6574,0.354153480221971,0.36403328569057,2,1,31,0,0,2,15,1,2,1,0,0,0.6,0.15
6586,0.332278242382004,0.558581008990946,1,1,53,0,0,6,306,1,5,1,1,1,0.85,0.45
6595,0.231367034975993,0.182587274914319,2,0,40,0,0,0,18,1,1,0,0,1,0,0.05
6606,0.260414167871259,0.181963548445448,2,0,43,0,0,0,246,1,5,0,1,0,0.25,0.45
6631,0.265630510323124,0.274304900361075,2,0,43,0,0,0,418,1,5,1,1,1,0,0.45
6658,0.302605035864159,0.250923171113241,2,0,39,0,0,0,274,1,4,1,0,0,0.15,0.35
6661,0.455269912267813,0.29115029407498,1,0,24,0,0,0,303,1,2,0,0,1,0.3,0.15
6668,0.398783670389537,0.217366560682553,2,0,29,0,0,0,122,0,2,1,0,0,0.05,0.15
6683,0.477349069178851,0.581265678044851,2,1,24,0,0,3,244,0,6,1,1,1,0.75,0.55
6687,0.638826896837997,0.628873040631281,1,0,39,0,0,10,190,1,8,1,1,1,0.95,0.75
6690,0.695429162962926,0.646810506189404,2,0,25,0,1,7,336,1,10,1,1,1,0.95,0.95
6744,0.486655756543161,0.631280964450262,2,0,25,0,1,3,45,0,10,1,1,1,0.85,0.95
6766,0.702544490772967,0.767526362456946,2,0,29,0,1,8,268,1,8,1,1,1,0.95,0.75
6769,0.281501381112253,0.305650954228478,1,1,40,0,0,0,306,1,2,0,0,1,0.1,0.15
6788,0.378745838737539,0.385305285186446,2,0,61,0,0,12,170,1,3,0,0,1,0.7,0.25
6791,0.213041505044551,0.168843568132294,2,0,57,0,0,3,15,1,1,0,0,1,0.65,0.05
6801,0.344799218395518,0.396007667667631,1,0,44,0,0,1,306,1,8,0,1,0,0.55,0.75
6805,0.51716509276359,0.52761864799669,2,0,22,0,0,0,59,1,3,1,0,0,0.35,0.25
6818,0.147790084736262,0.146490635088658,1,1,51,0,0,0,206,0,4,1,0,0,0.05,0.35
6862,0.551381400278744,0.565740487593096,2,0,31,0,0,5,97,1,4,0,0,1,1,0.35
6864,0.612773699107932,0.612977891546678,2,0,26,0,0,6,374,0,10,1,1,1,0.95,0.95
6875,0.479546068383597,0.398265532546941,1,0,22,0,0,0,108,1,8,0,1,0,0.55,0.75
6884,0.331777588871201,0.259678841619889,1,0,29,0,0,0,18,1,8,0,1,0,0.05,0.75
6908,0.923772229667218,0.895477600392708,2,0,30,0,0,21,129,1,7,1,1,1,0.85,0.65
6911,0.507865567672153,0.650734024010586,3,0,20,0,0,0,337,0,4,1,0,0,0.25,0.35
6916,0.513084534202002,0.477638528005016,2,0,23,0,0,1,190,1,6,0,1,0,0.4,0.55
6939,0.166345254459967,0.120495910015617,1,0,62,0,0,2,364,1,1,0,0,1,0.55,0.05
6963,0.255473415867738,0.478611562303721,1,1,49,0,0,2,306,1,2,0,0,1,0.85,0.15
6980,0.757312792242751,0.827585399696895,2,1,28,0,0,13,21,1,9,1,1,1,0.9,0.85
6996,0.333492782383149,0.365333098951118,2,1,21,0,0,0,45,0,5,1,1,1,0.05,0.45
7003,0.690965673857903,0.412548697237233,2,0,61,0,0,20,374,0,2,1,0,0,1,0.15
7010,0.335893052170322,0.38240955189832,2,0,54,0,0,4,306,1,3,1,0,0,0.8,0.25
7012,0.410624942232535,0.297028528773251,2,0,28,0,0,0,246,1,2,0,0,1,0.1,0.15
7023,0.512987413793696,0.496248473614292,1,0,25,0,0,2,246,1,5,0,1,0,0.5,0.45
7032,0.108588837277974,0.179352313781968,1,1,58,0,0,1,134,0,2,0,0,1,0.25,0.15
7037,0.67240307948139,0.73541656188005,2,0,26,0,1,6,268,1,10,1,1,1,0.9,0.95
7051,0.188970084510744,0.163223879617036,2,0,56,0,0,1,129,1,1,0,0,1,0.3,0.05
7079,0.549101755597196,0.535086546990927,1,0,25,0,0,3,280,1,7,0,1,0,0.9,0.65
7084,0.39502388519604,0.246805616729316,1,1,24,0,0,0,312,1,5,0,1,0,0.45,0.45
7099,0.41156503225218,0.336055072168453,2,0,34,0,0,2,303,1,2,0,0,1,0.5,0.15
7112,0.373695453140395,0.434656422057968,2,0,55,0,0,10,45,0,7,1,1,1,0.75,0.65
7123,0.348235911990549,0.333199158709157,2,0,27,0,0,0,45,0,2,1,0,0,0.1,0.15
7148,0.482857089405508,0.37688269582048,3,0,45,0,0,8,15,1,7,0,1,0,0.9,0.65
7153,0.41245428005564,0.583909413834806,2,0,21,0,0,0,45,0,4,0,0,1,0.3,0.35
7166,0.319089380327648,0.358484347853783,2,1,33,0,0,1,152,1,5,0,1,0,0.3,0.45
7170,0.554901754124136,0.5308113475665,1,0,22,0,0,0,306,1,5,0,1,0,0.55,0.45
7178,0.489608299799,0.585885646717413,2,0,43,0,0,7,85,1,6,1,1,1,0.9,0.55
7199,0.456329535522438,0.445744910521059,2,0,28,0,0,1,186,1,6,0,1,0,0.3,0.55
7206,0.494043276313396,0.406833093917437,3,0,37,0,0,6,172,1,2,1,0,0,0.95,0.15
7219,0.479947340654093,0.550264810715054,2,0,32,0,0,3,186,1,4,0,0,1,0.75,0.35
7224,0.417206992559703,0.474087755639104,2,0,24,0,0,1,169,1,3,1,0,0,0.55,0.25
7231,0.339286944207192,0.333419521850703,2,0,37,0,0,3,45,0,7,0,1,0,0.7,0.65
7234,0.35787739590105,0.2903256758552,3,0,37,0,0,1,190,1,5,0,1,0,0.2,0.45
7245,0.539003375650524,0.710812174901529,2,0,25,0,0,5,45,0,8,1,1,1,0.95,0.75
7247,0.479000358059399,0.548599813652431,2,1,24,0,0,2,57,1,5,1,1,1,0.7,0.45
7257,0.489758559478134,0.341402886092592,1,0,24,0,0,1,246,1,3,1,0,0,0.45,0.25
7258,0.704804264049242,0.799744140388812,2,0,26,0,0,8,85,1,7,1,1,1,1,0.65
7259,0.608861706848174,0.717861168231431,1,0,26,0,0,5,31,0,5,0,1,0,0.9,0.45
7269,0.0999149437536037,0.135966248170956,1,1,57,0,0,0,128,0,1,0,0,1,0.1,0.05
7298,0.248479955153471,0.337839156475862,2,1,42,0,0,1,298,1,2,0,0,1,0.3,0.15
7315,0.446837043269702,0.621618605891702,2,0,24,0,0,2,45,0,5,1,1,1,0.75,0.45
7320,0.6132867321831,0.713942617174036,1,0,22,0,2,3,303,1,8,1,1,1,0.8,0.75
7323,0.845434202623992,0.810607190205398,2,0,41,0,0,19,104,1,5,1,1,1,0.95,0.45
7324,0.32176947327619,0.253032463999279,1,0,30,0,0,0,169,1,1,0,0,1,0.15,0.05
7334,0.959267506058333,0.911427490431467,2,0,26,0,1,24,129,1,10,1,1,1,1,0.95
7340,0.312459794436133,0.250257110159828,1,1,31,0,0,0,186,1,4,1,0,0,0.4,0.35
7341,0.369162531391163,0.350926809901333,2,0,25,0,0,0,45,0,5,1,1,1,0,0.45
7348,0.244668130143789,0.184793084039602,2,0,38,0,0,0,45,0,2,0,0,1,0.05,0.15
7355,0.284874545674747,0.362920209737544,1,1,35,0,0,2,128,0,3,0,0,1,0.4,0.25
7381,0.208400788485231,0.259090243739604,2,1,43,0,0,0,190,1,6,0,1,0,0.15,0.55
7411,0.545105303740451,0.523323586291671,2,0,30,0,0,5,15,0,9,0,1,0,0.95,0.85
7412,0.34194005104963,0.347595874990349,1,0,28,0,0,0,169,1,2,1,0,0,0.25,0.15
7416,0.424470021909168,0.574832575348748,3,0,26,0,0,2,45,0,1,0,0,1,0.95,0.05
7427,0.695869363434455,0.809077353906305,2,0,27,0,0,8,93,0,8,0,1,0,0.85,0.75
7437,0.887275207616008,0.876885855642731,1,1,29,0,0,20,129,1,10,1,1,1,1,0.95
7445,0.420426079014167,0.374586054763373,3,0,31,0,0,1,21,1,8,1,1,1,0.6,0.75
7455,0.479546068383597,0.398265532546941,2,0,22,0,0,0,100,1,7,0,1,0,0.6,0.65
7457,0.640802098794896,0.732920239912679,2,0,26,0,0,5,61,1,7,1,1,1,0.8,0.65
7459,0.760242426464783,0.795540097528412,2,0,26,0,0,10,129,1,8,1,1,1,1,0.75
7468,0.331912190031833,0.303714808685301,1,0,42,0,0,2,110,1,7,1,1,1,0.65,0.65
7472,0.0457352785362208,0.216410969460248,1,0,80,0,0,0,45,0,1,0,0,1,0,0.05
7488,0.416734985893973,0.602507744594136,2,0,21,0,0,0,18,1,8,1,1,1,0.15,0.75
7508,0.197779885653658,0.199546807244873,3,0,44,0,0,0,45,0,1,0,0,1,0.05,0.05
7517,0.16765448065863,0.169718484318475,2,1,41,0,0,0,45,0,1,0,0,1,0.05,0.05
7526,0.473768596214811,0.411409206579533,1,0,23,0,0,0,337,0,3,1,0,0,0.05,0.25
7555,0.0660665851502536,0.101189927635195,1,1,64,0,0,0,45,0,1,0,0,1,0.05,0.05
7578,0.250446689916383,0.380295677476668,2,1,43,0,0,2,426,0,2,0,0,1,0.4,0.15
7581,0.420299589034378,0.283555515340036,2,0,27,0,0,0,74,0,1,1,0,0,0.25,0.05
7602,0.745104290562405,0.827384340920206,2,0,31,0,0,11,186,1,7,1,1,1,0.95,0.65
7605,0.184030119336742,0.230457971250339,2,0,49,0,0,1,45,0,1,1,0,0,0.3,0.05
7607,0.412039874924657,0.223484904259782,2,1,23,0,0,1,10,1,3,0,0,1,0.45,0.25
7615,0.355662427936319,0.240582117417823,2,0,34,0,0,0,129,1,1,0,0,1,0.15,0.05
7631,0.554901754124136,0.5308113475665,1,0,22,0,0,0,306,1,5,1,1,1,0.45,0.45
7636,0.240918540622815,0.276323239375949,2,1,38,0,0,0,151,0,2,0,0,1,0,0.15
7640,0.419820570681455,0.335114391377473,1,0,37,0,0,1,306,1,7,1,1,1,0.25,0.65
7652,0.689755510131965,0.659551920682196,2,0,25,0,0,8,172,1,8,1,1,1,0.7,0.75
7675,0.503640764048674,0.627081528093244,1,0,20,0,0,0,209,1,7,1,1,1,0.1,0.65
7678,0.74092731696319,0.80855535273218,2,0,28,0,2,7,306,1,7,1,1,1,0.8,0.65
7722,0.497651513695014,0.568779522223345,2,1,23,0,0,3,186,1,9,1,1,1,0.8,0.85
7723,0.494424254605443,0.378670975297366,3,0,24,0,0,0,57,1,2,0,0,1,0.4,0.15
7738,0.4337645511604,0.348766195188436,1,0,32,0,0,2,246,1,2,0,0,1,0.6,0.15
7754,0.468329531659774,0.587370834378029,1,0,25,0,0,2,128,0,4,1,0,0,0.9,0.35
7788,0.605387520611176,0.698206059344453,2,0,33,0,0,7,190,1,6,1,1,1,1,0.55
7807,0.770836356476292,0.719499746683791,1,0,34,0,0,13,190,1,8,1,1,1,1,0.75
7821,0.444680632736856,0.376093718301451,1,0,30,0,0,1,310,1,8,0,1,0,0.2,0.75
7830,0.372572350135951,0.534424415001038,2,1,31,0,0,2,21,1,5,1,1,1,0.65,0.45
7834,0.322193335304367,0.297777166232409,2,0,33,0,0,1,169,1,2,0,0,1,0.4,0.15
7840,0.524441933961609,0.56806548154052,1,0,22,0,0,1,190,1,2,0,0,1,0.7,0.15
7847,0.347241479320609,0.233557989683675,1,0,30,0,0,0,130,0,1,0,0,1,0.1,0.05
7868,0.257000314097032,0.203187186427473,2,1,37,0,0,0,190,1,3,0,0,1,0,0.25
7894,0.53983505388872,0.713058134173324,2,0,20,0,0,0,35,1,8,0,1,0,0.3,0.75
7897,0.303874187493413,0.223699629750886,1,1,24,0,0,0,45,0,5,1,1,1,0.1,0.45
7903,0.108825514199504,0.175274732427844,2,1,52,0,0,0,45,0,1,0,0,1,0.05,0.05
7914,0.145719296305323,0.165169062038742,1,0,55,0,0,0,133,0,1,0,0,1,0.15,0.05
7916,0.450664902080767,0.397736108931384,2,0,25,0,0,0,89,1,7,0,1,0,0.2,0.65
7920,0.484630424396141,0.534702288545551,2,0,22,0,0,0,289,1,4,0,0,1,0.25,0.35
7923,0.222107540995842,0.26129063194411,1,0,68,0,0,7,15,1,7,1,1,1,0.85,0.65
7930,0.572685889960737,0.808261175476358,1,0,22,0,0,5,45,0,5,1,1,1,1,0.45
7945,0.524536268813388,0.648776456071804,1,0,26,0,0,2,313,1,2,0,0,1,0.55,0.15
7948,0.428254614072233,0.40613045969255,2,0,27,0,0,0,89,1,6,0,1,0,0.2,0.55
7958,0.25888982017459,0.240045352937618,1,0,58,0,0,5,283,0,2,0,0,1,0.5,0.15
7962,0.170130184988604,0.195720874669811,2,1,41,0,0,0,18,1,1,0,0,1,0.1,0.05
7975,0.973392835006614,0.89460239881717,1,0,23,8,2,11,303,1,10,1,1,1,0.95,0.95
7985,0.339150879833365,0.189762585642646,2,0,35,0,0,0,319,1,4,0,0,1,0.15,0.35
7987,0.903775918659513,0.868840028394662,1,0,29,4,1,10,58,1,9,1,1,1,1,0.85
8000,0.379416431927397,0.225985048597496,2,1,26,0,0,1,10,1,3,1,0,0,0.65,0.25
8014,0.3883887633749,0.583843260567658,2,0,52,0,0,7,190,0,3,1,0,0,0.8,0.25
8036,0.261399755949847,0.224233646993477,3,0,42,0,0,1,128,0,1,0,0,1,0.45,0.05
8041,0.635248403427032,0.728266672446944,3,0,27,0,0,6,129,1,4,1,0,0,0.85,0.35
8045,0.687492995602786,0.81461275158894,1,0,23,0,0,6,297,1,9,1,1,1,0.95,0.85
8046,0.815128269559324,0.768013617186356,2,0,27,0,0,13,246,1,10,1,1,1,0.9,0.95
8054,0.249756922696334,0.33724815756308,2,0,53,0,0,5,49,1,4,0,0,1,0.7,0.35
8060,0.129179373043371,0.108717831441241,1,0,62,0,0,0,303,1,1,0,0,1,0.1,0.05
8099,0.337982438830684,0.336821266578535,1,0,28,0,0,0,45,0,1,0,0,1,0.25,0.05
8104,0.709368435682147,0.709192827225066,2,1,42,0,0,16,336,1,6,0,1,0,0.7,0.55
8107,0.179076003464177,0.166300672498632,1,1,49,0,0,1,208,0,1,0,0,1,0.05,0.05
8111,0.581658465000209,0.72256195611743,2,0,27,0,0,4,268,1,8,1,1,1,0.95,0.75
8118,0.47544976467224,0.40698959157001,2,0,34,0,0,4,283,0,6,0,1,0,0.55,0.55
8129,0.664889430756976,0.751769776559047,2,0,27,0,0,5,306,1,9,1,1,1,1,0.85
8140,0.926613664066007,0.92745872352906,2,0,31,3,0,16,129,1,10,1,1,1,1,0.95
8141,0.49877869717836,0.54901332006628,1,0,21,0,0,0,400,1,4,0,0,1,0.1,0.35
8149,0.534764038660664,0.707859883256933,1,0,27,0,0,3,423,0,3,0,0,1,0.8,0.25
8162,0.21206659858545,0.171792446759271,4,0,48,0,0,0,15,1,2,0,0,1,0.15,0.15
8171,0.285461028270443,0.158902029628193,1,0,38,0,0,0,374,0,2,0,0,1,0.1,0.15
8188,0.4585897069801,0.618648684224443,1,0,26,0,0,3,45,0,10,0,1,0,0.85,0.95
8191,0.416734985893973,0.602507744594136,2,0,21,0,0,0,49,1,4,0,0,1,0.25,0.35
8205,0.297116363822955,0.292134863957707,1,0,41,0,0,0,253,1,2,1,0,0,0.25,0.15
8207,0.40287511883625,0.515341611898195,1,0,31,0,0,3,45,0,2,1,0,0,0.8,0.15
8223,0.767328318915256,0.843527169367738,1,1,31,0,0,14,297,1,10,0,1,0,0.95,0.95
8239,0.658235921179003,0.761226733873336,2,0,28,0,0,7,190,1,10,0,1,0,1,0.95
8248,0.504960889328089,0.667020203388213,1,0,28,0,0,5,45,0,7,1,1,1,0.8,0.65
8253,0.327878992516318,0.250582713641211,2,0,29,0,0,0,45,0,3,0,0,1,0.05,0.25
8258,0.672006814376789,0.760299838683675,2,0,26,0,0,6,55,1,7,1,1,1,0.9,0.65
8259,0.117167634887836,0.152972034122026,2,0,58,0,0,0,169,1,1,0,0,1,0.05,0.05
8264,0.352692837399267,0.326410457660851,2,0,30,0,0,1,49,1,3,1,0,0,0.2,0.25
8267,0.321747425459109,0.22882557744677,2,0,46,0,0,3,371,1,3,1,0,0,0.8,0.25
8278,0.201528886462011,0.260312289106854,2,0,53,0,0,3,18,1,6,1,1,1,0.85,0.55
8285,0.607097906908658,0.68990577101915,2,0,28,0,0,8,45,0,6,1,1,1,1,0.55
8292,0.895271270571432,0.835948354082614,2,0,28,0,8,12,306,1,10,1,1,1,0.95,0.95
8306,0.74297562713049,0.661992659755717,2,0,43,0,0,15,337,0,9,1,1,1,1,0.85
8307,0.245038702877476,0.185818256601037,2,1,53,0,0,5,413,1,6,0,1,0,0.75,0.55
8308,0.690816026686467,0.813902746108161,2,0,27,1,0,6,203,1,7,1,1,1,0.85,0.65
8354,0.755826178112946,0.837002748388915,1,0,29,1,0,9,379,1,8,1,1,1,1,0.75
8355,0.478881181883686,0.477633463074161,2,0,28,0,0,2,246,1,4,0,0,1,0.65,0.35
8358,0.412266631354415,0.336428355670686,2,1,21,0,0,0,418,1,6,0,1,0,0.3,0.55
8379,0.0700194261440777,0.214598983784421,4,0,76,0,0,0,16,1,1,0,0,1,0.05,0.05
8403,0.515610874574478,0.732450187083336,2,0,19,0,0,0,336,1,4,1,0,0,0.25,0.35
8416,0.387668933093852,0.250464324893867,2,1,24,0,0,0,112,1,3,0,0,1,0.5,0.25
8438,0.730485862053209,0.769746078816071,1,1,34,0,0,12,306,1,10,1,1,1,0.75,0.95
8471,0.57445441459142,0.714490799206723,2,0,23,0,0,2,58,1,4,1,0,0,0.9,0.35
8479,0.319593331579277,0.292388698385413,2,0,47,0,0,4,172,1,4,1,0,0,0.7,0.35
8501,0.80047304203263,0.755467592525923,2,0,33,0,0,14,129,1,10,1,1,1,0.95,0.95
8517,0.390593067958478,0.37954006678435,2,0,23,0,0,0,45,0,3,1,0,0,0.15,0.25
8518,0.599749183634522,0.630053057777707,2,0,21,0,0,1,306,1,10,1,1,1,0.75,0.95
8526,0.35102053195333,0.183749464798828,2,1,26,0,0,0,342,0,9,0,1,0,0.4,0.85
8528,0.402301310988527,0.214758866623239,2,0,32,0,0,1,159,1,2,0,0,1,0.4,0.15
8530,0.19339702104784,0.209414846794304,3,0,45,0,0,0,169,1,1,0,0,1,0.15,0.05
8532,0.412130896318831,0.260188901527068,2,0,30,0,0,1,15,1,2,0,0,1,0.4,0.15
8534,0.494300320801024,0.548168836964184,1,1,44,0,0,10,171,1,5,1,1,1,1,0.45
8560,0.244575522015023,0.252780239423109,1,0,47,0,0,2,133,0,1,0,0,1,0.4,0.05
8563,0.445921269929471,0.299250529359237,3,0,27,0,0,1,239,0,2,0,0,1,0.25,0.15
8565,0.741526599972421,0.795583880342993,2,0,30,0,0,13,168,1,10,1,1,1,0.95,0.95
8613,0.37970117391963,0.396892242599001,1,0,33,0,0,2,133,0,2,0,0,1,0.4,0.15
8641,0.0671664329884671,0.260254809096225,1,0,77,0,0,1,134,0,1,0,0,1,0.1,0.05
8642,0.217190664547463,0.245048680637096,1,0,61,0,0,4,418,1,6,0,1,0,0.55,0.55
8681,0.750946783390861,0.781321113847164,2,0,33,0,0,12,379,1,9,1,1,1,1,0.85
8703,0.13096710857139,0.200577947417976,1,1,61,0,0,0,306,1,1,0,0,1,0.2,0.05
8705,0.607212219138211,0.718267064668021,2,1,22,0,0,4,306,1,9,1,1,1,0.85,0.85
8724,0.631614289291057,0.690890741106968,2,0,42,1,0,7,306,1,9,1,1,1,0.95,0.85
8728,0.303874187493413,0.223699629750886,1,1,24,0,0,0,45,0,6,0,1,0,0.1,0.55
8747,0.624187942932336,0.695190208433144,1,0,25,0,0,5,129,1,9,1,1,1,1,0.85
8761,0.425418929632019,0.530269348361074,1,0,32,0,0,4,45,0,2,1,0,0,0.95,0.15
8777,0.562819167753864,0.62072744354821,1,0,21,0,0,1,56,1,4,0,0,1,0.6,0.35
8791,0.257999010947306,0.21074364042112,1,1,29,0,0,0,45,0,6,0,1,0,0,0.55
8794,0.351504908600176,0.287487530467571,1,1,30,0,0,1,129,1,2,0,0,1,0.05,0.15
8827,0.613456917757018,0.697031454984195,3,0,26,0,0,5,129,1,3,0,0,1,0.65,0.25
8832,0.536256980262089,0.657301275349071,2,0,24,0,0,2,190,1,5,1,1,1,0.75,0.45
8835,0.497692449379196,0.436193361835532,2,0,29,0,0,3,283,0,1,0,0,1,0.65,0.05
8847,0.319028698074943,0.362537602184001,2,1,39,0,0,3,418,1,5,1,1,1,0.7,0.45
8863,0.555071653953728,0.697784080161682,3,0,31,0,0,5,89,1,6,1,1,1,0.9,0.55
8866,0.241322141920601,0.245774192563469,3,1,34,0,0,1,45,0,3,0,0,1,0.15,0.25
8867,0.691740072141015,0.794676939896367,1,0,24,0,0,6,58,1,10,0,1,0,0.85,0.95
8876,0.672434619036999,0.775622374983398,2,0,29,0,0,7,61,1,3,0,0,1,0.9,0.25
8881,0.354704023521128,0.313147411884938,2,0,40,0,0,0,306,1,10,1,1,1,0.1,0.95
8882,0.556835932411641,0.736783904258227,2,0,22,0,0,2,423,0,9,1,1,1,0.7,0.85
8885,0.456082926712416,0.594988345757769,2,0,22,0,1,1,49,1,8,1,1,1,0.6,0.75
8891,0.679455072315137,0.60464854691037,1,0,56,0,0,17,85,1,4,1,0,0,0.95,0.35
8905,0.146265925772201,0.189937338686712,1,0,52,0,0,0,45,0,1,0,0,1,0.05,0.05
8909,0.217295491332142,0.169576619024895,1,0,46,0,0,0,127,0,1,0,0,1,0.2,0.05
8924,0.465295392048993,0.459931872469009,2,0,27,0,0,1,21,1,4,1,0,0,0.1,0.35
8929,0.431967148530153,0.338303987501647,3,0,30,0,0,1,129,1,2,1,0,0,0.35,0.15
8938,0.127771057646616,0.175929806884404,2,1,48,0,0,0,45,0,5,0,1,0,0.2,0.45
8939,0.314001118476633,0.308602225640565,2,1,26,0,0,1,45,0,4,0,0,1,0.4,0.35
8962,0.29853565791568,0.215779687971684,1,0,32,0,0,0,45,0,3,0,0,1,0.05,0.25
8970,0.0827529959857224,0.25485058517115,1,0,69,0,0,0,128,0,1,1,0,0,0,0.05
9031,0.936008199537643,0.908813160711857,2,0,27,0,0,21,268,1,7,1,1,1,1,0.65
9040,0.454958803909742,0.509032249730745,2,0,34,0,0,3,21,1,1,0,0,1,0.55,0.05
9041,0.28819623832534,0.196193280426172,1,0,36,0,0,0,128,0,1,0,0,1,0.1,0.05
9045,0.243704087677777,0.243683445392165,1,0,46,0,0,0,190,1,5,0,1,0,0.15,0.45
9055,0.333492782383149,0.365333098951118,3,1,21,0,0,0,45,0,4,1,0,0,0.05,0.35
9072,0.454881657919933,0.493806858291008,2,0,37,0,0,4,94,0,7,1,1,1,0.55,0.65
9106,0.362460886765774,0.529051827301301,1,1,32,0,0,2,354,1,2,1,0,0,0.6,0.15
9129,0.428784424893971,0.589979657250684,2,0,26,0,0,2,18,1,6,0,1,0,0.75,0.55
9136,0.640802098794896,0.732920239912679,2,0,26,0,0,5,60,1,4,0,0,1,0.85,0.35
9150,0.595848825554824,0.700890878354643,1,0,21,0,2,2,315,1,9,1,1,1,0.85,0.85
9163,0.82037002624853,0.846119142079916,2,0,31,1,1,12,337,0,8,1,1,1,1,0.75
9165,0.444587230522639,0.365080775479162,2,0,26,0,0,0,190,1,9,0,1,0,0.15,0.85
9170,0.239075777843877,0.388275569238363,1,0,52,0,0,1,56,1,1,0,0,1,0.45,0.05
9172,0.566108604448145,0.54777905419086,2,0,21,0,0,0,306,1,7,0,1,0,0.35,0.65
9216,0.083086395913087,0.145549683329539,1,0,66,0,0,0,45,0,1,0,0,1,0,0.05
9219,0.653961645164422,0.765817419367808,2,0,28,0,0,7,337,0,7,0,1,0,0.95,0.65
9221,0.653799231328743,0.765655155926902,1,0,22,0,0,3,306,1,7,1,1,1,0.85,0.65
9229,0.40147468632428,0.486271628263368,2,0,22,0,0,0,45,0,8,0,1,0,0.2,0.75
9231,0.511082734935669,0.609497839829768,1,0,35,0,0,3,306,1,4,0,0,1,0.85,0.35
9235,0.160029673071293,0.18283458858164,1,0,56,0,0,1,176,1,1,0,0,1,0.15,0.05
9242,0.326385104564735,0.295661581311655,1,0,38,0,0,0,297,1,1,0,0,1,0,0.05
9246,0.0962780538632849,0.15700973327153,1,1,55,0,0,0,45,0,1,0,0,1,0.05,0.05
9268,0.451833165518934,0.499550665042873,1,0,28,0,0,1,163,1,2,1,0,0,0.55,0.15
9277,0.275797618576282,0.251072553051592,2,1,27,0,0,0,45,0,3,0,0,1,0.2,0.25
9283,0.469181739613616,0.487621659339171,1,0,40,0,0,5,313,1,1,1,0,0,0.95,0.05
9295,0.479072591056092,0.575944489047833,3,0,30,0,0,2,313,1,2,0,0,1,0.6,0.15
9303,0.365037247250126,0.207915442416915,2,0,30,0,0,0,127,0,9,0,1,0,0.1,0.85
9328,0.223809826881347,0.22730674311704,3,1,41,0,0,0,190,1,1,0,0,1,0.1,0.05
9336,0.613456917757018,0.697031454984195,2,0,26,0,0,5,129,1,4,0,0,1,0.95,0.35
9337,0.311355863047941,0.355206010624891,1,0,44,0,0,1,61,1,5,0,1,0,0.5,0.45
9352,0.705300364831517,0.892513776066468,1,0,20,0,4,4,186,1,10,0,1,0,1,0.95
9357,0.44875744273925,0.587936551914769,2,0,36,0,0,6,45,0,4,0,0,1,0.95,0.35
9367,0.528026729336289,0.718658681736658,2,1,25,0,0,7,170,1,9,1,1,1,1,0.85
9380,0.478992147419302,0.432644234700768,1,0,38,0,0,5,129,1,4,0,0,1,0.9,0.35
9392,0.158256187610321,0.219903975918442,1,0,53,0,0,1,45,0,5,0,1,0,0.35,0.45
9399,0.281012007754509,0.29888944053269,3,0,43,0,0,3,45,0,3,1,0,0,0.65,0.25
9405,0.465526119859122,0.560069505096105,2,1,38,0,0,7,190,1,10,1,1,1,0.95,0.95
9407,0.870044794535531,0.813105904415095,2,0,40,0,0,20,129,1,7,0,1,0,0.9,0.65
9428,0.311054487618854,0.436763473167843,1,0,52,0,0,7,45,0,2,0,0,1,0.85,0.15
9435,0.632926031756239,0.702267796446478,1,0,24,0,0,3,306,1,5,0,1,0,0.75,0.45
9436,0.776770040172137,0.825015914426687,2,0,27,0,0,11,129,1,7,1,1,1,0.95,0.65
9437,0.564123618754846,0.679641991345302,3,0,23,0,1,2,190,1,9,0,1,0,0.8,0.85
9442,0.478396676343482,0.341109990170187,2,0,25,0,0,1,246,1,8,1,1,1,0.4,0.75
9467,0.47957227022049,0.394202217818018,2,0,22,0,0,0,280,1,7,1,1,1,0.1,0.65
9473,0.763052038267624,0.679927586179452,2,0,38,0,0,14,190,1,7,0,1,0,0.9,0.65
9475,0.42084017432325,0.346964499778693,2,0,31,0,0,1,129,1,1,0,0,1,0.1,0.05
9484,0.187869423089518,0.211687974785333,1,1,41,0,0,1,45,0,2,0,0,1,0.2,0.15
9488,0.41245428005564,0.583909413834806,1,0,21,0,0,0,45,0,4,1,0,0,0.3,0.35
9495,0.612581411047798,0.76980702296236,3,0,21,0,1,2,61,1,7,1,1,1,0.85,0.65
9501,0.190660528576377,0.196020839025079,3,0,45,0,0,0,45,0,1,0,0,1,0.6,0.05
9506,0.379819221897435,0.352287781562148,2,0,24,0,0,0,45,0,9,1,1,1,0.1,0.85
9509,0.735308984368447,0.813461488528692,2,0,27,0,0,9,253,1,7,1,1,1,1,0.65
9523,0.533297620860086,0.613990612349609,2,0,30,0,0,2,306,1,5,1,1,1,0.6,0.45
9524,0.431899241207003,0.259963545684237,1,0,29,0,0,1,206,0,10,0,1,0,0.5,0.95
9534,0.931762213794216,0.770826862530124,2,0,49,0,0,29,172,1,6,1,1,1,0.95,0.55
9556,0.412130896318831,0.260188901527068,3,0,30,0,0,1,15,1,2,0,0,1,0.5,0.15
9563,0.518727982135259,0.67957792131285,1,0,22,0,0,1,367,1,6,0,1,0,0.5,0.55
9581,0.421794938289872,0.270100171455678,2,1,23,0,0,0,58,1,3,0,0,1,0.35,0.25
9586,0.323457972409408,0.277344632285354,2,1,22,0,0,0,45,0,5,1,1,1,0,0.45
9597,0.40147468632428,0.486271628263368,1,0,22,0,0,0,45,0,4,0,0,1,0.2,0.35
9609,0.55691559980097,0.586123351909387,3,1,32,0,0,8,326,0,5,1,1,1,1,0.45
9617,0.581658465000209,0.72256195611743,2,0,27,0,0,4,268,1,4,1,0,0,0.95,0.35
9632,0.263257852169901,0.191957363576419,1,0,46,0,0,1,319,1,1,0,0,1,0.45,0.05
9634,0.517455575418348,0.471166843571375,3,0,24,0,0,2,212,1,3,0,0,1,0.65,0.25
9636,0.82190308894979,0.869341220079463,2,0,30,0,2,13,186,1,10,1,1,1,1,0.95
9644,0.473513258439327,0.39854472004108,2,0,22,0,0,0,283,0,6,0,1,0,0.35,0.55
9662,0.177863430917778,0.196612065417045,1,0,56,0,0,3,45,0,3,0,0,1,0.75,0.25
9685,0.40147468632428,0.486271628263368,2,0,22,0,0,0,45,0,7,1,1,1,0.1,0.65
9686,0.456920153918104,0.286659097504513,2,0,24,0,0,0,280,1,4,0,0,1,0.1,0.35
9690,0.350999410056742,0.184067581528755,2,1,26,0,0,0,144,0,2,0,0,1,0.25,0.15
9730,0.347241479320609,0.233557989683675,1,0,30,0,0,0,134,0,2,0,0,1,0,0.15
9745,0.540745174138397,0.69998025987212,2,0,23,0,0,2,392,0,7,1,1,1,0.5,0.65
9746,0.462186869311219,0.309789386215165,3,0,23,0,0,0,283,0,7,0,1,0,0.15,0.65
9747,0.541763689805116,0.643652870165978,2,0,32,0,0,4,65,1,4,1,0,0,0.95,0.35
9785,0.177013294344168,0.193292716624275,1,0,47,0,0,0,45,0,2,0,0,1,0.05,0.15
9801,0.571778796578262,0.553166741882296,2,0,25,0,0,4,239,0,5,0,1,0,0.75,0.45
9811,0.45893461322688,0.66317757969832,2,1,25,0,0,5,6,1,9,1,1,1,0.95,0.85
9820,0.498955996224675,0.589507040141401,2,0,29,0,0,2,242,0,4,0,0,1,0.5,0.35
9830,0.276399839565967,0.314296645995405,1,0,48,0,0,0,306,1,2,0,0,1,0.15,0.15
9831,0.398783670389537,0.217366560682553,3,0,29,0,0,0,122,0,2,1,0,0,0,0.15
9832,0.401941319705197,0.45146396055337,1,0,25,0,0,1,45,0,4,1,0,0,0.6,0.35
9833,0.106811549591064,0.112721338304046,1,0,67,0,0,0,97,1,1,0,0,1,0.2,0.05
9844,0.252919966758983,0.381324430097242,1,0,51,0,0,2,190,1,1,1,0,0,0.45,0.05
9852,0.60253579185132,0.80363675935473,2,0,21,0,2,2,190,1,10,1,1,1,0.8,0.95
9867,0.546527452009101,0.639697173026221,2,0,41,0,0,6,252,1,3,0,0,1,0.9,0.25
9868,0.328307006785093,0.278205243035348,2,0,32,0,0,1,45,0,10,0,1,0,0.35,0.95
9875,0.508093824754411,0.604606831950785,2,0,31,0,1,3,190,1,1,1,0,0,0.9,0.05
9889,0.637840675482188,0.545858983330483,2,0,35,0,0,9,303,1,6,0,1,0,0.75,0.55
9894,0.672658122141447,0.760307039312998,1,1,34,0,0,10,306,1,9,1,1,1,0.9,0.85
9914,0.543894236146339,0.735998552754517,1,0,23,0,1,4,45,0,4,1,0,0,0.95,0.35
9919,0.363315512691348,0.19172835800138,2,0,32,0,0,0,303,0,4,0,0,1,0.05,0.35
9921,0.490501172363209,0.473703023786184,2,0,27,0,0,1,65,0,5,0,1,0,0.6,0.45
9924,0.38981352159466,0.220119832783124,1,0,29,0,0,0,15,1,3,1,0,0,0.35,0.25
9933,0.895696281220183,0.845082506826369,2,0,27,2,0,14,159,1,10,1,1,1,0.9,0.95
9942,0.243704087677777,0.243683445392165,3,0,46,0,0,0,190,1,1,0,0,1,0.15,0.05
9953,0.513084534202002,0.477638528005016,2,0,23,0,0,1,190,1,3,1,0,0,0.35,0.25
9971,0.097823637071314,0.177811742167623,1,1,55,0,0,0,47,1,1,0,0,1,0.05,0.05
9979,0.241322141920601,0.245774192563469,1,1,34,0,0,1,45,0,1,0,0,1,0.35,0.05
10008,0.467248022257283,0.452584793556222,1,0,28,0,0,1,268,1,4,1,0,0,0.4,0.35
10010,0.416734985893973,0.602507744594136,2,0,21,0,0,0,168,1,9,1,1,1,0.25,0.85
10011,0.335750928709664,0.274786009240217,2,0,45,0,0,4,127,0,3,1,0,0,0.7,0.25
10012,0.451820423490974,0.516956757418617,2,1,24,0,0,2,190,1,6,1,1,1,0.65,0.55
10044,0.323978114681042,0.180540084906428,1,0,34,0,0,0,374,0,2,1,0,0,0.15,0.15
10068,0.489855705560023,0.483315044256253,1,0,22,0,0,0,190,1,4,0,0,1,0.5,0.35
10076,0.569980067734704,0.756297400743052,2,0,21,0,0,2,190,1,4,0,0,1,0.65,0.35
10134,0.573160956517439,0.729558055509376,3,0,25,0,0,6,45,0,7,1,1,1,0.9,0.65
10136,0.42172696234261,0.521607517108167,2,0,34,0,0,2,71,1,3,1,0,0,0.65,0.25
10137,0.376378424545632,0.269484642791349,2,0,32,0,0,0,21,1,7,0,1,0,0.15,0.65
10150,0.544816420161045,0.689633055212857,2,0,28,0,0,3,242,0,2,1,0,0,0.8,0.15
10167,0.547163181084666,0.665484174460746,2,0,24,0,0,2,313,1,6,1,1,1,0.5,0.55
10169,0.352858414569677,0.198049705613013,1,0,33,0,0,0,283,0,7,1,1,1,0.1,0.65
10220,0.489758559478134,0.341402886092592,2,0,24,0,0,1,246,1,3,0,0,1,0.2,0.25
10243,0.321009422609536,0.173496377076907,3,1,29,0,0,0,122,0,3,0,0,1,0,0.25
10267,0.42452651962414,0.477908250767258,2,1,31,0,0,4,10,1,8,0,1,0,0.9,0.75
10271,0.398145810951623,0.344439335661484,3,0,33,0,0,2,127,0,3,0,0,1,0.55,0.25
10277,0.831020433072924,0.847367439723402,2,0,30,0,1,14,129,1,7,0,1,0,0.95,0.65
10289,0.397368258615114,0.311165560527793,1,0,36,0,0,0,306,1,8,1,1,1,0.3,0.75
10302,0.5372759230942,0.4507580830004,2,0,61,0,0,14,261,0,2,0,0,1,0.9,0.15
10307,0.636118086623478,0.738862731085252,2,0,31,2,0,6,169,1,6,0,1,0,0.85,0.55
10317,0.110362160319532,0.11582198035417,2,0,62,0,0,0,133,0,1,0,0,1,0.15,0.05
10319,0.329137799808681,0.247358617466577,2,0,43,0,0,3,172,1,1,1,0,0,0.5,0.05
10327,0.390593067958478,0.37954006678435,1,0,23,0,0,0,45,0,5,0,1,0,0.2,0.45
10334,0.505640842150667,0.572944863995988,2,0,20,0,0,0,382,1,6,1,1,1,0.2,0.55
10336,0.489265994866928,0.536767509967183,2,0,29,1,0,3,45,0,8,1,1,1,0.85,0.75
10359,0.518080023251408,0.663099455072365,2,0,25,0,0,2,401,0,6,0,1,0,0.5,0.55
10369,0.363147782140733,0.335607887061187,3,0,29,0,0,1,6,1,1,0,0,1,0.1,0.05
10377,0.274026666938756,0.15577376812482,1,0,41,0,0,0,10,1,1,0,0,1,0.25,0.05
10383,0.751851864444653,0.793101560658022,2,0,27,0,0,10,129,1,9,1,1,1,0.8,0.85
10390,0.578669029388395,0.649457180023643,1,0,29,0,0,3,306,1,4,1,0,0,0.8,0.35
10394,0.317932525078573,0.244092387104205,2,0,30,0,0,0,45,0,1,0,0,1,0.2,0.05
10401,0.132927785302142,0.181828779393075,1,1,47,0,0,0,45,0,1,0,0,1,0.05,0.05
10406,0.387447250652747,0.531171757432283,2,0,43,0,0,2,306,1,7,0,1,0,0.45,0.65
10412,0.21943449754772,0.242384759439563,1,0,49,0,0,0,190,1,1,0,0,1,0.1,0.05
10423,0.489365382734841,0.668233405163833,1,0,28,0,0,2,377,1,2,1,0,0,0.35,0.15
10448,0.569619836884296,0.63753260374376,2,0,48,0,0,11,337,0,4,1,0,0,0.95,0.35
10449,0.211259845830589,0.328871095001383,2,1,51,0,0,3,379,0,2,0,0,1,0.45,0.15
10452,0.198367884614292,0.254628161046892,2,1,44,0,0,0,379,1,1,0,0,1,0.15,0.05
10484,0.475276595435403,0.59399236227106,1,0,29,0,0,2,180,0,1,0,0,1,0.6,0.05
10491,0.359078649079641,0.325019750991986,1,0,29,0,0,1,45,0,3,0,0,1,0.2,0.25
10492,0.831841394958915,0.832671683506625,3,1,25,0,1,14,65,1,6,0,1,0,0.95,0.55
10498,0.0922797453298282,0.119448136288173,1,1,65,0,0,1,15,1,1,0,0,1,0.2,0.05
10499,0.574702488071665,0.710974246226118,1,1,28,0,0,5,306,1,9,1,1,1,1,0.85
10502,0.311922330467944,0.25753163517609,1,0,31,0,0,0,169,1,1,0,0,1,0.1,0.05
10509,0.564028028362702,0.535741164084995,2,0,25,0,1,3,246,1,7,0,1,0,0.95,0.65
10528,0.270278443838723,0.2073021998506,3,0,41,0,0,1,128,0,1,0,0,1,0.35,0.05
10536,0.699241550315929,0.641528830743571,2,0,26,0,0,8,280,1,9,1,1,1,0.95,0.85
10540,0.267183894999088,0.285100451630911,1,1,31,0,0,1,45,0,1,1,0,0,0.35,0.05
10544,0.0796854938842333,0.127071625007377,1,0,67,0,0,0,45,0,1,0,0,1,0.05,0.05
10560,0.302407561161753,0.17636130347579,1,0,41,0,0,1,10,1,1,1,0,0,0.45,0.05
10577,0.150349200524557,0.219402788575461,1,0,59,0,0,0,423,0,2,1,0,0,0.2,0.15
10580,0.438143762150371,0.370564827719953,1,1,22,0,0,1,425,0,8,0,1,0,0.5,0.75
10591,0.424142612018941,0.432247152748965,1,0,40,0,0,4,190,1,5,1,1,1,0.9,0.45
10622,0.428386277997726,0.632900693514181,2,1,44,0,0,6,306,1,6,0,1,0,1,0.55
10626,0.241973975363236,0.228823196558634,1,0,46,0,0,0,14,1,1,0,0,1,0,0.05
10643,0.485122791872202,0.497792692257173,2,0,22,0,0,0,337,0,10,0,1,0,0.1,0.95
10645,0.387518815396425,0.277782749023407,2,0,31,0,0,0,129,1,7,0,1,0,0.1,0.65
10652,0.455908023999173,0.389937807469025,2,0,33,0,0,3,336,0,6,1,1,1,0.5,0.55
10656,0.53983505388872,0.713058134173324,2,0,20,0,0,0,65,1,4,0,0,1,0.3,0.35
10659,0.905814724895787,0.906264589044637,2,0,30,0,1,18,58,1,10,1,1,1,0.95,0.95
10660,0.390593067958478,0.37954006678435,3,0,23,0,0,0,45,0,2,1,0,0,0.15,0.15
10673,0.56203823966768,0.525367213499407,2,1,29,0,1,7,15,1,7,1,1,1,0.85,0.65
10677,0.664659505257596,0.758170586968294,2,0,29,0,0,10,169,1,9,1,1,1,0.9,0.85
10686,0.332775113316086,0.291901612560536,1,0,36,0,0,0,404,1,1,0,0,1,0.1,0.05
10699,0.924431959494371,0.67450511279491,2,0,57,0,0,28,306,1,10,1,1,1,1,0.95
10700,0.871623906646672,0.793745924257983,2,0,36,1,2,14,306,1,10,1,1,1,1,0.95
10703,0.906196465803769,0.934686588115974,2,0,43,0,1,23,114,1,7,0,1,0,0.95,0.65
10706,0.26581529832231,0.171486094901298,2,0,42,0,0,0,283,0,7,0,1,0,0.15,0.65
10709,0.078722048198386,0.151275232693964,1,0,74,0,0,0,219,0,1,0,0,1,0,0.05
10720,0.435143497512945,0.597789480648422,2,0,22,0,0,1,45,0,6,1,1,1,0.4,0.55
10721,0.305650497244809,0.27060051820725,1,0,50,0,0,4,123,0,2,0,0,1,0.85,0.15
10748,0.220664216662855,0.246358401460342,1,0,44,0,0,1,45,0,1,0,0,1,0.2,0.05
10762,0.343129976080399,0.290358802955653,3,1,26,0,0,1,130,0,4,0,0,1,0.65,0.35
10783,0.083086395913087,0.145549683329539,1,0,66,0,0,0,45,0,1,0,0,1,0.05,0.05
10807,0.522284387864916,0.562806489071985,1,0,25,0,0,3,127,0,9,1,1,1,0.6,0.85
10824,0.455869916247875,0.339079672969676,2,1,23,0,0,1,58,1,4,1,0,0,0.4,0.35
10836,0.557372545128503,0.650973648330604,2,0,25,0,0,3,129,1,6,1,1,1,0.95,0.55
10841,0.348235911990549,0.333199158709157,2,0,27,0,0,0,45,0,1,1,0,0,0.1,0.05
10851,0.388353937463228,0.363257737398638,2,1,29,0,0,2,336,1,3,1,0,0,0.75,0.25
10871,0.173470060901794,0.182898161223959,1,1,43,0,0,0,128,0,1,0,0,1,0.1,0.05
10878,0.286650592728738,0.229445405357024,3,0,47,0,0,3,127,0,6,1,1,1,0.45,0.55
10894,0.467106592024281,0.584327877278922,2,0,33,0,0,3,71,1,4,0,0,1,0.85,0.35
10899,0.682328631898377,0.764674272270405,1,0,25,0,0,7,397,0,5,1,1,1,1,0.45
10919,0.661586912247388,0.641363991192942,2,0,35,0,0,12,45,0,6,1,1,1,0.95,0.55
10920,0.4798503112592,0.41816595677725,1,0,34,0,0,4,246,1,5,0,1,0,0.85,0.45
10921,0.504628748730008,0.67175910027931,2,0,26,0,0,2,409,0,2,0,0,1,0.8,0.15
10925,0.510923513406306,0.538777195267383,1,0,26,0,0,3,374,0,2,1,0,0,0.55,0.15
10931,0.44747436621639,0.336354285186397,3,0,28,0,0,1,344,1,3,0,0,1,0.55,0.25
10935,0.652376639078754,0.616178333735155,3,0,31,1,0,7,374,0,9,1,1,1,0.85,0.85
10946,0.411862443422671,0.399061650462953,2,0,27,0,0,1,134,0,5,0,1,0,0.4,0.45
10949,0.621024359642835,0.848305060084914,2,0,19,1,0,1,190,1,9,1,1,1,0.75,0.85
10958,0.209042113768739,0.336707715525261,1,1,49,0,0,2,186,1,6,0,1,0,0.4,0.55
10975,0.406188346624253,0.468916545276195,2,0,25,0,0,1,167,1,2,0,0,1,0.4,0.15
10979,0.205097715428026,0.206565357275093,2,0,43,0,0,0,45,0,1,0,0,1,0.15,0.05
10985,0.927828928899011,0.901245567758799,2,0,30,0,1,19,306,1,10,1,1,1,1,0.95
10997,0.469556805311964,0.314902043085847,2,0,23,0,0,0,209,1,3,0,0,1,0.25,0.25
