"VALID_DATE","AMOS","ASAP","ASSA","BOM","CLIM120","DAFFS","GDAFFS","MAG4VW","MAG4VWF","MAG4W","MAG4WF","MCEVOL","MCSTAT","MOSWOC","NICT","NJIT","NOAA","SIDC","rlz.C1"
2016-01-01,0.166,NA,0.25,NA,0.725,0.778454,0.209217,NA,NA,NA,NA,0.23,0.24,NA,1,0.652882,0.7,0.75,1
2016-01-02,0.3205,NA,0.6,NA,0.733333,0.667816,0.170912,NA,NA,NA,NA,0.08,0.46,NA,1,0.81,0.75,0.7,0
2016-01-03,0.2617,NA,0.33,NA,0.725,0.13365,0.15723,NA,NA,NA,NA,0.23,0.44,NA,0,1,0.3,0.8,0
2016-01-04,0.5883,NA,0.42,NA,0.725,0.176088,0.209209,NA,NA,NA,NA,0.62,0.78,NA,0,1,0.35,0.35,0
2016-01-05,0.3401,NA,0.39,NA,0.725,0.187407,0.211853,NA,NA,NA,NA,0.54,0.45,NA,0,1,0.3,0.45,0
2016-01-06,0.1798,NA,0.19,NA,0.725,0.168537,0.223906,NA,NA,NA,NA,0.03,0.21,NA,0,0.878029,0.15,0.5,1
2016-01-07,0.2046,NA,0.26,NA,0.733333,0.676184,0.221688,NA,NA,NA,NA,0.34,0.34,NA,1,0.831093,0.3,0.7,1
2016-01-08,0.5996,NA,0.67,NA,0.741667,0.350703,0.246939,NA,NA,NA,NA,0.68,0.68,NA,1,1,0.5,0.75,0
2016-01-09,0.552,NA,0.72,NA,0.741667,0.409784,0.508218,NA,NA,NA,NA,0.66,0.74,NA,1,1,0.5,0.75,0
2016-01-10,0.5697,NA,0.69,NA,0.741667,0.640878,0.588353,NA,NA,NA,NA,0.71,0.59,NA,0,1,0.5,0.7,0
2016-01-11,0.6287,NA,0.32,NA,0.733333,0.288858,0.439414,NA,NA,NA,NA,0.71,0.67,NA,0,1,0.4,0.6,0
2016-01-12,0.6151,NA,0.33,NA,0.733333,0.354607,0.565951,NA,NA,NA,NA,0.57,0.63,NA,0,1,0.4,0.5,0
2016-01-13,0.345,NA,0.26,NA,0.733333,0.323125,0.403263,NA,NA,NA,NA,0.48,0.52,NA,0,0.958925,0.35,0.35,0
2016-01-14,0.3286,NA,0.21,NA,0.733333,0.265331,0.259039,NA,NA,NA,NA,0.4,0.52,NA,0,0.910958,0.3,0.25,0
2016-01-15,0.2529,NA,0.41,NA,0.725,0.373325,0.3737,NA,NA,NA,NA,0.32,0.42,NA,0,1,0.3,0.3,1
2016-01-16,0.1621,NA,0.47,NA,0.725,0.375173,0.23875,NA,NA,NA,NA,0.29,0.34,NA,1,1,0.35,0.5,0
2016-01-17,0.1458,NA,0.28,NA,0.716667,0.196236,0.193327,NA,NA,NA,NA,0.06,0.27,NA,0,0.59,0.35,0.6,0
2016-01-18,0.2007,NA,0.2,NA,0.708333,0.234643,0.218719,NA,NA,NA,NA,0.28,0.31,NA,0,0.63,0.25,0.27,0
2016-01-19,0.1636,NA,0.19,NA,0.7,0.195945,0.164373,NA,NA,NA,NA,0.18,0.27,NA,0,0.849826,0.1,0.2,0
2016-01-20,0.2911,NA,0.39,NA,0.691667,0.429484,0.214101,NA,NA,NA,NA,0.34,0.37,NA,0,NA,0.3,0.2,1
2016-01-21,0.4094,NA,0.6,NA,0.691667,0.354399,0.354399,NA,NA,NA,NA,0.65,0.63,NA,1,1,0.45,0.45,1
2016-01-22,0.7569,NA,0.61,NA,0.7,0.299935,0.406069,NA,NA,NA,NA,0.87,0.92,NA,1,1,0.5,0.45,0
2016-01-23,0.6276,NA,0.47,NA,0.691667,0.298494,0.365356,NA,NA,NA,NA,0.75,0.85,NA,1,1,0.5,0.4,0
2016-01-24,0.5509,NA,0.36,NA,0.683333,0.383302,0.346919,NA,NA,NA,NA,0.62,0.78,NA,1,1,0.5,0.4,1
2016-01-25,0.5174,NA,0.788376,NA,0.683333,0.432569,0.401456,NA,NA,NA,NA,0.62,0.75,NA,1,0.920678,0.6,0.45,1
2016-01-26,0.5962,NA,0.37,NA,0.683333,0.478333,0.497807,NA,NA,NA,NA,0.73,0.84,NA,1,1,0.6,0.55,1
2016-01-27,0.4951,NA,0.56,NA,0.683333,0.548757,0.472566,NA,NA,NA,NA,0.72,0.7,NA,1,1,0.65,0.65,1
2016-01-28,0.8559,NA,0.79,NA,0.683333,0.665966,0.497015,NA,NA,NA,NA,0.9,0.86,NA,1,1,0.75,0.5,1
2016-01-29,0.5776,NA,0.87,NA,0.683333,0.612954,0.386063,NA,NA,NA,NA,0.77,0.83,NA,1,1,0.8,0.75,1
2016-01-30,0.5288,NA,0.53,NA,0.683333,0.559826,0.237344,NA,NA,NA,NA,0.75,0.83,NA,1,0.834828,0.75,0.6,0
2016-01-31,0.3212,NA,0.18,NA,0.675,0.507866,0.36449,NA,NA,NA,NA,0.45,0.63,NA,1,0.542487,0.5,0.6,0
2016-02-01,0.2919,NA,0.39,NA,0.666667,0.34179,0.341644,NA,NA,NA,NA,0.19,0.3,NA,1,1,0.4,0.5,1
2016-02-02,0.5226,NA,0.41,NA,0.666667,0.225547,0.191828,NA,NA,NA,NA,0.76,0.58,NA,0,1,0.4,0.35,1
2016-02-03,0.5177,NA,0.49,NA,0.666667,0.483409,0.208011,NA,NA,NA,NA,0.65,0.72,NA,1,1,0.45,0.3,1
2016-02-04,0.6642,NA,0.82,NA,0.675,0.725667,0.35608,NA,NA,NA,NA,0.89,0.91,NA,1,1,0.55,0.5,1
2016-02-05,0.9145,NA,0.901979,NA,0.683333,0.784165,0.554797,NA,NA,NA,NA,0.94,0.97,NA,1,1,0.9,0.75,1
2016-02-06,0.694,NA,0.45,NA,0.691667,0.843036,0.477268,NA,NA,NA,NA,0.9,0.9,NA,1,1,0.8,0.9,1
2016-02-07,0.9268,NA,0.93496,NA,0.7,0.700123,0.642748,NA,NA,NA,NA,0.99,1,NA,1,1,0.8,0.7,1
2016-02-08,0.8984,NA,0.928107,NA,0.708333,0.7811,0.648206,NA,NA,NA,NA,0.98,0.97,NA,1,1,0.85,0.8,1
2016-02-09,0.8341,NA,0.79,NA,0.716667,0.877291,0.546299,NA,NA,NA,NA,0.9,0.92,NA,1,1,0.7,0.75,1
2016-02-10,0.76,NA,0.84,NA,0.716667,0.701585,0.531548,NA,NA,NA,NA,0.92,0.9,NA,1,1,0.6,0.7,1
2016-02-11,0.659343,NA,0.83,NA,0.716667,0.734098,0.563055,NA,NA,NA,NA,0.91,0.94,NA,1,1,0.55,0.7,1
2016-02-12,0.643549,NA,NA,NA,0.716667,0.752412,0.522513,NA,NA,NA,NA,0.62,0.93,NA,1,1,0.9,0.65,1
2016-02-13,0.57512,NA,0.74,NA,0.716667,0.709856,0.394387,NA,NA,NA,NA,0.53,0.9,NA,1,0.865429,0.85,0.99,1
2016-02-14,0.592169,NA,0.735645,NA,0.716667,0.92809,0.465312,NA,NA,NA,NA,0.53,0.89,NA,1,0.809372,0.85,0.95,1
2016-02-15,0.574118,NA,0.33,NA,0.716667,0.861525,0.424222,NA,NA,NA,NA,0.59,0.9,NA,1,0.817187,0.85,0.99,1
2016-02-16,0.556634,NA,0.33,NA,0.716667,0.835564,0.331045,NA,NA,NA,NA,0.52,0.89,NA,1,1,0.95,0.95,1
2016-02-17,0.574254,NA,0.28,NA,0.716667,0.901255,0.304999,NA,NA,NA,NA,0.55,0.9,NA,1,0.769253,0.95,0.85,1
2016-02-18,0.591054,NA,0.19,NA,0.716667,0.156023,0.302167,NA,NA,NA,NA,0.62,0.91,NA,1,0.9664,0.95,0.95,1
2016-02-19,0.6696,NA,0.3,NA,0.716667,0.161959,0.247561,NA,NA,NA,NA,0.16,0.17,NA,1,0.926395,0.55,0.95,1
2016-02-20,0.2312,NA,0.3,NA,0.716667,0.342871,0.301374,NA,NA,NA,NA,0.31,0.36,NA,1,0.977855,0.55,0.75,0
2016-02-21,0.7539,NA,0.54,NA,0.708333,0.324615,0.471026,NA,NA,NA,NA,0.76,0.8,NA,0,1,0.6,0.7,0
2016-02-22,0.8028,NA,0.77,NA,0.708333,0.257552,0.351616,NA,NA,NA,NA,0.83,0.7,NA,0,1,0.6,0.45,0
2016-02-23,0.7896,NA,0.29,NA,0.7,0.254686,0.375712,NA,NA,NA,NA,0.04,0.63,NA,0,1,0.45,0.4,0
2016-02-24,0.7808,NA,0.2,NA,0.7,0.296786,0.296786,NA,NA,NA,NA,0.03,0.63,NA,0,0.61,0.45,0.3,1
2016-02-25,0.7896,NA,0.22,NA,0.7,0.19022,0.186268,NA,NA,NA,NA,0.13,0.66,NA,0,1,0.15,0.4,0
2016-02-26,1,NA,0.42,NA,0.691667,0.260025,0.181241,NA,NA,NA,NA,0.34,0.32,NA,0,0.62,0.25,0.2,1
2016-02-27,0.17,NA,0.35,NA,0.691667,0.169752,0.192724,NA,NA,NA,NA,0.29,0.29,NA,1,1,0.4,0.4,1
2016-02-28,0.5214,NA,0.47,NA,0.691667,0.33624,0.206726,NA,NA,NA,NA,0.58,0.73,NA,0,0.523314,0.4,0.35,0
2016-02-29,0.507,NA,0.67,NA,0.683333,0.395127,0.173556,NA,NA,NA,NA,0.6,0.73,NA,0,0.7376,0.4,0.45,0
2016-03-01,0.4989,NA,0.31,NA,0.675,0.143133,0.235359,NA,NA,NA,NA,0.61,0.75,NA,0,0.842327,0.45,0.45,0
2016-03-02,0.2329,NA,0.31,NA,0.666667,0.159119,0.2081,NA,NA,NA,NA,0.51,0.42,NA,0,0.814425,0.45,0.2,0
2016-03-03,0.3096,NA,0.46,NA,0.658333,0.339041,0.313873,NA,NA,NA,NA,0.38,0.45,NA,0,1,0.35,0.2,0
2016-03-04,0.2132,NA,0.54,NA,0.65,0.323789,0.361455,NA,NA,NA,NA,0.22,0.32,NA,0,1,0.2,0.3,1
2016-03-05,0.3646,NA,0.62,NA,0.65,0.413289,0.464485,NA,NA,NA,NA,0.55,0.59,NA,0,1,0.3,0.35,0
2016-03-06,0.4241,NA,0.38,NA,0.65,0.213338,0.346106,NA,NA,NA,NA,0.45,0.6,NA,0,1,0.25,0.35,0
2016-03-07,0.4266,NA,0.46,NA,0.641667,0.195632,0.542139,NA,NA,NA,NA,0.69,0.58,NA,0,1,0.3,0.3,0
2016-03-08,0.2432,NA,0.24,NA,0.633333,0.258896,0.476501,NA,NA,NA,NA,0.36,0.39,NA,0,1,0.25,0.4,1
2016-03-09,0.2166,NA,0.48,NA,0.641667,0.177373,0.434462,NA,NA,NA,NA,0.22,0.26,NA,1,1,0.25,0.45,1
2016-03-10,0.3573,NA,0.48,NA,0.641667,0.188104,0.396,NA,NA,NA,NA,0.55,0.55,NA,1,1,0.3,0.75,0
2016-03-11,0.2832,NA,0.24,NA,0.633333,0.148026,0.397638,NA,NA,NA,NA,0.37,0.48,NA,0,1,0.3,0.8,0
2016-03-12,0.2435,NA,0.27,NA,0.633333,0.263628,0.243046,NA,NA,NA,NA,0.26,0.35,NA,0,1,0.3,0.7,1
2016-03-13,0.3195,NA,0.44,NA,0.641667,0.215374,0.283257,NA,NA,NA,NA,0.42,0.47,NA,0,1,0.35,0.6,0
2016-03-14,0.3818,NA,0.29,NA,0.633333,0.137528,0.223398,NA,NA,NA,NA,0.52,0.56,NA,0,1,0.3,0.7,0
2016-03-15,0.4063,NA,0.4,NA,0.633333,0.207626,0.348508,NA,NA,NA,NA,0.5,0.61,NA,0,1,0.3,0.3,1
2016-03-16,0.5745,NA,0.4,NA,0.641667,0.299431,0.293277,NA,NA,NA,NA,0.77,0.8,NA,0,0.918144,0.3,0.5,1
2016-03-17,0.3951,NA,0.42,NA,0.65,0.591402,0.29555,NA,NA,NA,NA,0.61,0.52,NA,0,1,0.4,0.6,0
2016-03-18,0.6545,NA,0.61,NA,0.641667,0.555024,0.292821,NA,NA,NA,NA,0.8,0.65,NA,0,1,0.4,0.3,0
2016-03-19,0.4514,NA,0.26,NA,0.633333,0.399665,0.300449,NA,NA,NA,NA,0.46,0.55,NA,0,1,0.4,0.25,0
2016-03-20,0.2529,NA,0.27,NA,0.633333,0.241293,0.277425,NA,NA,NA,NA,0.92,0.61,NA,0,1,0.4,0.25,1
2016-03-21,0.3034,NA,0.26,NA,0.641667,0.247204,0.274456,NA,NA,NA,NA,0.03,0.44,NA,0,0.542487,0.4,0.4,0
2016-03-22,0.3034,NA,0.19,NA,0.633333,0.304856,0.184215,NA,NA,NA,NA,0.41,0.44,NA,0,0.542487,0.35,0.25,0
2016-03-23,0.3034,NA,0.24,NA,0.625,0.159608,0.241471,NA,NA,NA,NA,0.39,0.39,NA,0,0.5684,0.25,0.25,1
2016-03-24,0.2739,NA,0.12,NA,0.625,0.558253,0.122091,NA,NA,NA,NA,0.39,0.39,NA,0,0.43,0.25,0.25,0
2016-03-25,0.3464,NA,0.34,NA,0.625,0.149041,0.193664,NA,NA,NA,NA,0.43,0.44,NA,0,0.523314,0.3,0.25,0
2016-03-26,0.3034,NA,0.26,NA,0.616667,0.225725,0.214798,NA,NA,NA,NA,0.41,0.44,NA,0,0.981591,0.25,0.25,0
2016-03-27,0.0797,NA,0.29,NA,0.616667,0.197539,0.117991,NA,NA,NA,NA,0.09,0.15,NA,0,1,0.15,0.25,0
2016-03-28,0.0797,NA,0.33,NA,0.616667,0.108818,0.148395,NA,NA,NA,NA,0.06,0.15,NA,0,0.601055,0.15,0.1,1
2016-03-29,0.0797,NA,0.24,NA,0.625,0.159138,0.111103,NA,NA,NA,NA,0.06,0.15,NA,0,0.601055,0.1,0.4,0
2016-03-30,0.1374,NA,0.26,NA,0.625,0.156862,0.121068,NA,NA,NA,NA,0.13,0.19,NA,0,0.601055,0.15,0.1,0
2016-03-31,0.0407,NA,0.13,NA,0.616667,0.162031,0.0836014,NA,NA,NA,NA,0.04,0.07,NA,0,0.575141,0.1,0.1,0
2016-04-01,0.0407,NA,0.13,NA,0.608333,0.1163,0.0920693,NA,NA,NA,NA,0.03,0.07,NA,0,NA,0.1,0.1,0
2016-04-02,0.0407,NA,0.26,NA,0.6,0.0737501,0.0737501,NA,NA,NA,NA,0.03,0.07,NA,0,0.575141,0.1,0.1,0
2016-04-03,0.0407,NA,0.13,NA,0.591667,0.0757788,0.06856,NA,NA,NA,NA,0.03,0.07,NA,0,0.5684,0.1,0.1,0
2016-04-04,0.1019,NA,0.29,NA,0.583333,0.325292,0.130451,NA,NA,NA,NA,0.15,0.17,NA,0,0.969651,0.2,0.1,0
2016-04-05,0.1019,NA,0.21,NA,0.575,0.131628,0.116573,NA,NA,NA,NA,0.12,0.14,NA,0,0.51,0.15,0.3,0
2016-04-06,0.1095,NA,0.25,NA,0.566667,0.180774,0.100117,NA,NA,NA,NA,0.19,0.21,NA,0,0.68,0.25,0.1,1
2016-04-07,0.1154,NA,0.13,NA,0.566667,0.101849,0.127789,NA,NA,NA,NA,0.18,0.21,NA,1,0.71,0.3,0.2,1
2016-04-08,0.4461,NA,0.29,NA,0.566667,0.835551,0.102681,NA,NA,NA,NA,0.74,0.46,NA,1,0.61,0.75,0.25,1
2016-04-09,0.4733,NA,0.33,NA,0.566667,0.559164,0.160507,NA,NA,NA,NA,0.71,0.76,NA,1,1,0.6,0.2,1
2016-04-10,0.901265,NA,0.43,NA,0.566667,0.775832,0.411107,NA,NA,NA,NA,0.81,0.89,NA,1,0.906328,0.6,0.52,1
2016-04-11,0.7067,NA,NA,NA,0.566667,0.794304,0.130928,NA,NA,NA,NA,0.63,0.89,NA,1,0.685537,0.7,0.7,1
2016-04-12,0.7297,NA,0.49,NA,0.566667,0.858859,0.153515,NA,NA,NA,NA,0.87,0.91,NA,1,0.820692,0.7,0.7,1
2016-04-13,0.2771,NA,0.36,NA,0.566667,0.713525,0.158047,NA,NA,NA,NA,0.17,0.64,NA,1,0.827702,0.65,0.75,1
2016-04-14,0.3771,NA,0.37,NA,0.566667,0.743698,0.202692,NA,NA,NA,NA,0.55,0.72,NA,1,1,0.6,0.5,1
2016-04-15,0.7139,NA,0.46,NA,0.566667,0.750684,0.18576,NA,NA,NA,NA,0.88,0.9,NA,1,1,0.6,0.65,1
2016-04-16,0.7139,NA,0.510533,NA,0.566667,0.828591,0.242599,NA,NA,NA,NA,0.84,0.9,NA,1,0.793496,0.8,0.65,1
2016-04-17,0.7529,NA,0.49,NA,0.566667,0.815411,0.243179,NA,NA,NA,NA,0.87,0.92,NA,1,1,0.8,0.75,1
2016-04-18,0.7467,NA,0.23,NA,0.566667,0.803833,0.170004,NA,NA,NA,NA,0.87,0.92,NA,1,1,0.8,0.8,1
2016-04-19,0.2523,NA,0.590594,NA,0.566667,0.939615,0.176382,NA,NA,NA,NA,0.43,0.49,NA,1,0.62,0.8,0.75,1
2016-04-20,0.3701,NA,0.15,NA,0.566667,0.790395,0.150713,NA,NA,NA,NA,0.43,0.57,NA,1,0.56,0.8,0.55,0
2016-04-21,0.3349,NA,0.19,NA,0.558333,0.173694,0.173694,NA,NA,NA,NA,0.25,0.3,NA,0,0.55,0.2,0.55,0
2016-04-22,0.1095,NA,0.15,NA,0.55,0.189683,0.176163,NA,NA,NA,NA,0.17,0.21,NA,0,0.882538,0.15,0.2,0
2016-04-23,0.0642,NA,0.1,NA,0.541667,0.188214,0.170263,NA,NA,NA,NA,0.06,0.07,NA,0,0.83365,0.1,0.1,0
2016-04-24,0.0642,NA,0.19,NA,0.533333,0.149924,0.149924,NA,NA,NA,NA,0.03,0.07,NA,0,0.73,0.15,0.1,0
2016-04-25,0.2468,NA,0.4,NA,0.525,0.210498,0.210498,NA,NA,NA,NA,0.43,0.38,NA,0,1,0.2,0.3,0
2016-04-26,0.1632,NA,0.31,NA,0.516667,0.67531,0.198695,NA,NA,NA,NA,0.23,0.23,NA,0,1,0.2,0.45,0
2016-04-27,0.4054,NA,0.53,NA,0.508333,0.26919,0.26919,NA,NA,NA,NA,0.59,0.6,NA,0,1,0.4,0.5,0
2016-04-28,0.5428,NA,0.68,NA,0.5,0.717344,0.354108,NA,NA,NA,NA,0.74,0.76,NA,1,1,0.4,0.6,1
2016-04-29,0.7997,NA,0.59,NA,0.5,0.806973,0.392875,NA,NA,NA,NA,0.94,0.95,NA,1,1,0.5,0.75,0
2016-04-30,0.6937,NA,0.58,NA,0.491667,0.390542,0.390542,NA,NA,NA,NA,0.86,0.9,NA,0,1,0.5,0.7,1
2016-05-01,0.6617,NA,0.67,NA,0.491667,0.336118,0.336118,NA,NA,NA,NA,0.73,0.87,NA,0,1,0.5,0.6,1
2016-05-02,0.7911,NA,0.55,NA,0.491667,0.575334,0.315944,NA,NA,NA,NA,0.86,0.95,NA,1,1,0.5,0.7,1
2016-05-03,0.725,NA,0.51,NA,0.5,0.300756,0.300756,NA,NA,NA,NA,0.9,0.91,NA,1,1,0.6,0.55,0
2016-05-04,0.6181,NA,0.32,NA,0.5,0.466112,0.320466,NA,NA,NA,NA,0.73,0.77,NA,1,1,0.45,0.35,1
2016-05-05,0.6277,NA,0.4,NA,0.508333,0.659763,0.309251,NA,NA,NA,NA,0.62,0.73,NA,1,1,0.55,0.3,0
2016-05-06,0.2908,NA,0.37,NA,0.508333,0.482833,0.241329,NA,NA,NA,NA,0.23,0.45,NA,0,1,0.3,0.55,0
2016-05-07,0.1586,NA,0.3,NA,0.5,0.344327,0.217543,NA,NA,NA,NA,0.19,0.33,NA,0,1,0.25,0.25,1
2016-05-08,0.1907,NA,0.28,NA,0.5,0.46945,0.2005,NA,NA,NA,NA,0.24,0.3,NA,0,1,0.25,0.2,0
2016-05-09,0.2432,NA,0.21,NA,0.5,0.242018,0.26868,NA,NA,NA,NA,0.39,0.32,NA,0,1,0.25,0.35,0
2016-05-10,0.6029,NA,0.43,NA,0.5,0.664667,0.342043,NA,NA,NA,NA,0.93,0.84,NA,1,1,0.5,0.27,0
2016-05-11,0.4992,NA,0.64,NA,0.5,0.592287,0.340117,NA,NA,NA,NA,0.83,0.72,NA,1,1,0.45,0.56,0
2016-05-12,0.7948,NA,0.7,NA,0.5,0.348525,0.348525,NA,NA,NA,NA,0.78,0.89,NA,0,1,0.45,0.49,0
2016-05-13,0.7821,NA,0.59,NA,0.5,0.306695,0.306695,NA,NA,NA,NA,0.88,0.95,NA,0,1,0.5,0.68,0
2016-05-14,0.8632,NA,0.64,NA,0.5,0.238033,0.238033,NA,NA,NA,NA,0.9,0.84,NA,0,1,0.35,0.75,1
2016-05-15,0.9111,NA,0.7,NA,0.508333,0.980599,0.4396,NA,NA,NA,NA,0.68,0.88,NA,1,1,0.65,0.59,1
2016-05-16,0.9183,NA,0.6,NA,0.508333,0.968996,0.265079,NA,NA,NA,NA,0.89,0.91,NA,1,1,0.6,0.64,1
2016-05-17,0.6807,NA,0.43,NA,0.516667,0.964868,0.23078,NA,NA,NA,NA,0.68,0.79,NA,1,1,0.55,0.77,1
2016-05-18,0.5084,NA,0.35,NA,0.525,0.886457,0.232425,NA,NA,NA,NA,0.22,0.43,NA,0,1,0.4,0.61,0
2016-05-19,0.401,NA,0.33,NA,0.525,0.757164,0.11608,NA,NA,NA,NA,0.25,0.39,NA,0,1,0.25,0.38,0
2016-05-20,0.3867,NA,0.42,NA,0.525,0.865122,0.216131,NA,NA,NA,NA,0.26,0.36,NA,0,0.790269,0.3,0.32,0
2016-05-21,0.3867,NA,0.26,NA,0.516667,0.824843,0.159361,NA,NA,NA,NA,0.25,0.31,NA,0,0.878317,0.25,0.27,1
2016-05-22,0.3867,NA,0.26,NA,0.516667,0.687182,0.164611,NA,NA,NA,NA,0.14,0.25,NA,0,0.795932,0.3,0.27,0
2016-05-23,0.3339,NA,0.26,NA,0.516667,0.647161,0.160842,NA,NA,NA,NA,0.14,0.25,NA,0,0.795932,0.3,0.16,0
2016-05-24,0.0488,NA,0.26,NA,0.516667,0.121515,0.121515,NA,NA,NA,NA,0,0.14,NA,0,0.789191,0.25,0.2,1
2016-05-25,0.0871,NA,0.47,NA,0.516667,0.855535,0.184384,NA,NA,NA,NA,0.2,0.2,NA,0,1,0.25,0.3,0
2016-05-26,0.3724,NA,0.3,NA,0.508333,0.188943,0.188943,NA,NA,NA,NA,0.58,0.48,NA,0,0.68,0.35,0.3,1
2016-05-27,0.2206,NA,0.25,NA,0.508333,0.348889,0.456446,NA,NA,NA,NA,0.34,0.44,NA,1,0.5584,0.45,0.4,0
2016-05-28,0.4036,NA,0.18,NA,0.5,0.403325,0.087666,NA,NA,NA,NA,0.89,0.63,NA,1,0.549227,0.45,0.3,0
2016-05-29,0.1813,NA,0.26,NA,0.491667,0.077684,0.077684,NA,NA,NA,NA,0.27,0.37,NA,0,1,0.35,0.45,0
2016-05-30,0.1095,NA,0.06,NA,0.483333,0.42699,0.0755638,NA,NA,NA,NA,0.04,0.21,NA,0,0.44,0.2,0.4,1
2016-05-31,0.1798,NA,0.3,NA,0.491667,0.265879,0.137236,NA,NA,NA,NA,0.34,0.32,NA,0,0.95695,0.4,0.5,0
2016-06-01,0.2883,NA,0.22,NA,0.491667,0.491385,0.185381,NA,NA,NA,NA,0.5,0.47,NA,0,1,0.35,0.5,0
2016-06-02,0.1582,NA,0.09,NA,0.483333,0.547209,0.14116,NA,NA,NA,NA,0.14,0.25,NA,0,0.76,0.15,0.3,0
2016-06-03,0.1371,NA,0,NA,0.475,0.423699,0.103273,NA,NA,NA,NA,0.24,0.25,NA,0,NA,0.15,0.2,0
2016-06-04,NA,NA,0,NA,0.466667,0.197759,0.0812899,NA,NA,NA,NA,-0.01,-0.01,NA,0,NA,0.1,0.15,0
2016-06-05,0,NA,0,NA,0.458333,0.119793,0.0641707,NA,NA,NA,NA,-0.01,-0.01,NA,0,NA,0.1,0.05,0
2016-06-06,0,NA,0,NA,0.45,0.0762218,0.0315438,NA,NA,NA,NA,-0.01,-0.01,NA,0,NA,0.05,0.05,0
2016-06-07,0,NA,0,NA,0.441667,0.0327478,0.0327478,NA,NA,NA,NA,-0.01,-0.01,NA,0,NA,0.1,0.2,0
2016-06-08,NA,NA,0.09,NA,0.433333,0.242278,0.0645231,NA,NA,NA,NA,0.1,0.06,NA,0,NA,0.1,0.2,0
2016-06-09,0.0718,NA,0.12,NA,0.425,0.165731,0.0941346,NA,NA,NA,NA,0.16,0.14,NA,0,NA,0.35,0.25,1
2016-06-10,0.820313,NA,0.531091,NA,0.425,0.120429,0.120429,NA,NA,NA,NA,0.68,0.6,NA,1,NA,0.35,0.3,0
2016-06-11,0.5182,NA,0.629538,NA,0.416667,0.870786,0.133312,NA,NA,NA,NA,0.06,0.74,NA,0,NA,0.35,0.65,1
2016-06-12,0.5251,NA,0.33,NA,0.416667,0.843755,0.166854,NA,NA,NA,NA,0.57,0.6,NA,0,NA,0.35,0.5,1
2016-06-13,0.3864,NA,0.31,NA,0.416667,0.734074,0.140868,NA,NA,NA,NA,0.32,0.61,NA,1,NA,0.3,0.8,1
2016-06-14,0.3864,NA,0.24,NA,0.416667,0.350289,0.249645,NA,NA,NA,NA,0.38,0.48,NA,0,NA,0.35,0.35,0
2016-06-15,0.2206,NA,0.38,NA,0.408333,0.362529,0.183864,NA,NA,NA,NA,0.34,0.44,NA,0,NA,0.15,0.35,0
2016-06-16,0.0875,NA,0.3,NA,0.4,0.332244,0.153273,NA,NA,NA,NA,0.11,0.21,NA,0,NA,0.2,0.25,0
2016-06-17,0.2117,NA,0.5,NA,0.391667,0.175668,0.175668,NA,NA,NA,NA,0.32,0.35,NA,0,NA,0.2,0.1,0
2016-06-18,0.2117,NA,0.3,NA,0.383333,0.439793,0.214946,NA,NA,NA,NA,0.33,0.39,NA,0,NA,0.2,0.25,0
2016-06-19,0.1457,NA,0.36,NA,0.375,0.359765,0.192383,NA,NA,NA,NA,0.29,0.24,NA,0,NA,0.2,0.25,1
2016-06-20,0.2319,NA,0.41,NA,0.375,0.269725,0.259314,NA,NA,NA,NA,0.32,0.36,NA,0,NA,0.25,0.4,0
2016-06-21,0.2531,NA,0.22,NA,0.375,0.530743,0.265752,NA,NA,NA,NA,0.31,0.24,NA,0,NA,0.25,0.6,0
2016-06-22,0.2279,NA,0.29,NA,0.375,0.532251,0.275176,NA,NA,NA,NA,0.07,0.18,NA,0,NA,0.15,0.5,0
2016-06-23,0.0797,NA,0.06,NA,0.375,0.063937,0.135179,NA,NA,NA,NA,0.1,0.07,NA,0,NA,0.05,0.3,0
2016-06-24,NA,NA,0,NA,0.375,0.0533536,0.128963,NA,NA,NA,NA,-0.01,-0.01,NA,0,NA,0.2,0.2,0
2016-06-25,0,NA,0,NA,0.366667,0.00644301,0.0750913,NA,NA,NA,NA,-0.01,-0.01,NA,0,NA,0.2,0.1,0
2016-06-26,0,NA,0,NA,0.366667,0.0531007,0.0528953,NA,NA,NA,NA,-0.01,-0.01,NA,0,NA,0.2,0.2,0
2016-06-27,0,NA,0,NA,0.358333,0.158113,0.0361604,NA,NA,NA,NA,-0.01,-0.01,NA,0,NA,0.1,0.15,0
2016-06-28,0,NA,0,NA,0.35,0.0312511,0.0623643,NA,NA,NA,NA,-0.01,-0.01,NA,0,NA,0.1,0.1,0
2016-06-29,0,NA,0,NA,0.35,0.166873,0.0623643,NA,NA,NA,NA,-0.01,-0.01,NA,0,NA,0.1,0.05,0
2016-06-30,0,NA,0,NA,0.35,0.0326768,0.0326768,NA,NA,NA,NA,-0.01,-0.01,NA,0,NA,0.1,0.01,0
2016-07-01,0,NA,0,NA,0.35,0.103466,0.226857,NA,NA,NA,NA,-0.01,-0.01,NA,0,NA,0.1,0.01,0
2016-07-02,0,NA,0,NA,0.35,0.0120645,0.226857,NA,NA,NA,NA,-0.01,-0.01,NA,0,NA,0.05,0.01,0
2016-07-03,0,NA,0,NA,0.35,0.0214165,0.226857,NA,NA,NA,NA,-0.01,-0.01,NA,0,NA,0.05,0.01,0
2016-07-04,0,NA,0,NA,0.341667,0.0241942,0.226857,NA,NA,NA,NA,-0.01,-0.01,NA,0,NA,0.05,0.1,0
2016-07-05,0,NA,0,NA,0.341667,0.135318,0.120714,NA,NA,NA,NA,-0.01,-0.01,NA,0,NA,0.05,0.05,0
2016-07-06,NA,NA,0,NA,0.341667,0.256627,0.0828182,NA,NA,NA,NA,0.12,0.03,NA,0,NA,0.05,0.05,0
2016-07-07,0.0638,NA,0.09,NA,0.341667,0.420426,0.0803848,NA,NA,NA,NA,0.02,0.03,NA,0,NA,0.1,0.1,1
2016-07-08,0.1314,NA,0.14,NA,0.341667,0.673895,0.159831,NA,NA,NA,NA,0.2,0.21,NA,1,NA,0.25,0.5,1
2016-07-09,0.2617,NA,0.31,NA,0.341667,0.230492,0.230492,NA,NA,NA,NA,0.38,0.44,NA,0,NA,0.35,0.5,1
2016-07-10,0.6464,NA,0.37,NA,0.35,0.258026,0.258026,NA,NA,NA,NA,0.54,0.65,NA,1,NA,0.5,0.4,1
2016-07-11,0.5741,NA,0.4,NA,0.358333,0.311936,0.311936,NA,NA,NA,NA,0.87,0.8,NA,1,NA,0.5,0.5,0
2016-07-12,0.7627,NA,0.46,NA,0.35,0.739633,0.386786,NA,NA,NA,NA,0.58,0.64,NA,0,NA,0.45,0.58,0
2016-07-13,0.3016,NA,0.37,NA,0.35,0.320379,0.358883,NA,NA,NA,NA,0.38,0.46,NA,0,NA,0.35,0.45,0
2016-07-14,0.1938,NA,0.26,NA,0.35,0.533661,0.38116,NA,NA,NA,NA,0.64,0.33,NA,0,NA,0.25,0.34,0
2016-07-15,0.1982,NA,0.44,NA,0.341667,0.401881,0.401881,NA,NA,NA,NA,0.35,0.27,NA,0,NA,0.35,0.25,1
2016-07-16,0.8982,NA,0.670573,NA,0.341667,0.768728,0.666216,NA,NA,NA,NA,0.87,0.76,NA,1,NA,0.7,0.32,1
2016-07-17,0.9863,NA,0.65,NA,0.35,0.85398,0.85398,NA,NA,NA,NA,0,0.67,NA,1,NA,0.7,0.55,1
2016-07-18,0.5686,NA,0.68,NA,0.358333,0.644755,0.644755,NA,NA,NA,NA,0.79,0.85,NA,1,NA,0.7,0.5,1
2016-07-19,NA,NA,0.74,NA,0.366667,0.909341,0.640407,NA,NA,NA,NA,0.93,0.94,NA,1,NA,0.7,0.75,1
2016-07-20,NA,NA,1,NA,0.366667,0.894604,0.690612,NA,NA,NA,NA,0.83,0.91,NA,1,NA,0.7,0.7,1
2016-07-21,0.854306,NA,1,NA,0.375,0.673384,0.673384,NA,NA,NA,NA,0.8,0.9,NA,1,NA,0.7,0.7,1
2016-07-22,0.6486,NA,1,NA,0.383333,0.847799,0.689549,NA,NA,NA,NA,0.81,0.86,NA,1,NA,0.7,0.8,1
2016-07-23,0.4893,NA,0.332111,NA,0.383333,0.937454,0.478024,NA,NA,NA,NA,0.73,0.76,NA,1,NA,0.7,0.75,1
2016-07-24,0.3232,NA,0.06,NA,0.391667,0.802739,0.150824,NA,NA,NA,NA,0.5,0.57,NA,1,NA,0.8,0.8,1
2016-07-25,0.3181,NA,0,NA,0.4,0.143376,0.098511,NA,NA,NA,NA,0.29,0.4,NA,1,NA,0.75,0.8,1
2016-07-26,NA,NA,0,NA,0.408333,0.099669,0.100038,NA,NA,NA,NA,-0.01,-0.01,NA,0,NA,0.35,0.6,0
2016-07-27,0,NA,0,NA,0.408333,0.17239,0.0333521,NA,NA,NA,NA,-0.01,-0.01,NA,0,NA,0.1,0.4,0
2016-07-28,0,NA,0,NA,0.4,0.239905,0.0158983,NA,NA,NA,NA,-0.01,-0.01,NA,0,NA,0.05,0.4,0
2016-07-29,NA,NA,0.06,NA,0.4,0.0587406,0.053085,NA,NA,NA,NA,0.1,0.06,NA,0,NA,0.05,0.2,0
2016-07-30,0.0403,NA,0.15,NA,0.4,0.19721,0.0407407,NA,NA,NA,NA,0.09,0.06,NA,0,0.48,0.05,0.25,0
2016-07-31,0.0403,NA,0,NA,0.4,0.0927861,0.0456153,NA,NA,NA,NA,0.09,0.06,NA,0,0.37,0.05,0.15,0
2016-08-01,0.0245,NA,NA,NA,0.4,0.083957,0.0433313,NA,NA,NA,NA,0.02,0.03,NA,0,0.44,0.05,0.2,0
2016-08-02,0.0245,NA,NA,NA,0.4,0.331207,0.0424745,NA,NA,NA,NA,0.02,0.03,NA,0,0.1,0.05,0.1,0
2016-08-03,0.0245,NA,NA,NA,0.4,0.0412202,0.0412202,NA,NA,NA,NA,0.02,0.03,NA,0,NA,0.01,0.1,0
2016-08-04,NA,NA,NA,NA,0.4,0.0421241,0.0421241,NA,NA,NA,NA,-0.01,-0.01,NA,0,NA,0.05,0.1,0
2016-08-05,NA,NA,NA,NA,0.4,0.0551237,0.0551237,NA,NA,NA,NA,0.17,0.06,NA,1,0.1996,0.05,0.1,1
2016-08-06,0.3474,NA,0.32,NA,0.4,0.18829,0.18829,NA,NA,NA,NA,0.5,0.53,NA,1,0.914772,0.15,0.55,0
2016-08-07,0.4424,NA,0.43,NA,0.391667,0.586632,0.194519,NA,NA,NA,NA,0.36,0.64,NA,1,0.97426,0.15,0.55,1
2016-08-08,0.8408,NA,0.49,NA,0.391667,0.827204,0.298448,NA,NA,NA,NA,0.9,0.92,NA,1,0.549227,0.55,0.7,1
2016-08-09,0.8471,NA,0.5,NA,0.391667,0.886156,0.35158,NA,NA,NA,NA,0.88,0.82,NA,1,0.981591,0.7,0.6,1
2016-08-10,0.9113,NA,0.47,NA,0.391667,0.358698,0.358698,NA,NA,NA,NA,0.47,0.85,NA,1,1,0.7,0.75,0
2016-08-11,0.3476,NA,0.66,NA,0.383333,0.887866,0.475076,NA,NA,NA,NA,0.46,0.51,NA,0,1,0.35,0.55,1
2016-08-12,0.2743,NA,0.77136,NA,0.383333,0.572957,0.572957,NA,NA,NA,NA,0.38,0.48,NA,0,1,0.4,0.35,0
2016-08-13,0.4674,NA,0.62,NA,0.375,0.327936,0.554071,NA,NA,NA,NA,0.7,0.59,NA,0,1,0.4,0.27,0
2016-08-14,0.4137,NA,0.66,NA,0.366667,0.503737,0.503737,NA,NA,NA,NA,0.57,0.58,NA,0,1,0.35,0.2,1
2016-08-15,0.3717,NA,0.67,NA,0.366667,0.544477,0.551123,NA,NA,NA,NA,0.41,0.56,NA,0,1,0.4,0.45,1
2016-08-16,0.3072,NA,0.59,NA,0.366667,0.343586,0.55904,NA,NA,NA,NA,0.37,0.51,NA,0,1,0.35,0.32,0
2016-08-17,0.2098,NA,0.42,NA,0.358333,0.386546,0.382704,NA,NA,NA,NA,0.36,0.29,NA,0,1,0.35,0.37,0
2016-08-18,0.1837,NA,0.38,NA,0.35,0.304173,0.304173,NA,NA,NA,NA,0.15,0.2,NA,0,1,0.25,0.26,0
2016-08-19,0.1907,NA,NA,NA,0.341667,0.462286,0.270676,NA,NA,NA,NA,0.21,0.3,NA,0,0.919066,0.2,0.15,0
2016-08-20,0.1703,NA,0.1,NA,0.341667,0.242681,0.242681,NA,NA,NA,NA,0.16,0.21,NA,0,0.31,0.1,0.23,0
2016-08-21,0.1281,NA,0,NA,0.341667,0.00958501,0.15358,NA,NA,NA,NA,0.03,0.03,NA,0,0.29,0.05,0.27,0
2016-08-22,0.0245,NA,0.06,NA,0.341667,0.111972,0.0763497,NA,NA,NA,NA,0.02,0.03,NA,0,0.48,0.1,0.05,0
2016-08-23,0.4991,NA,0.41,NA,0.341667,0.339157,0.166057,NA,NA,NA,NA,0.68,0.74,NA,0,0.996606,0.35,0.05,0
2016-08-24,0.3125,NA,0.47,NA,0.341667,0.696358,0.223748,NA,NA,NA,NA,0.48,0.49,NA,0,1,0.3,0.45,0
2016-08-25,0.335,NA,0.41,NA,0.341667,0.232483,0.232483,NA,NA,NA,NA,0.43,0.45,NA,0,1,0.25,0.25,0
2016-08-26,0.3517,NA,0.5,NA,0.341667,0.241093,0.241093,NA,NA,NA,NA,0.4,0.5,NA,0,1,0.25,0.4,0
2016-08-27,0.3012,NA,0.35,NA,0.341667,0.385796,0.298097,NA,NA,NA,NA,0.47,0.45,NA,0,1,0.25,0.45,0
2016-08-28,0.5874,NA,0.55,NA,0.333333,0.446238,0.28576,NA,NA,NA,NA,0.53,0.54,NA,0,1,0.25,0.3,1
2016-08-29,0.5321,NA,0.48,NA,0.341667,0.625792,0.372671,NA,NA,NA,NA,0.73,0.75,NA,1,1,0.35,0.35,1
2016-08-30,0.5368,NA,0.47,NA,0.341667,0.880282,0.347328,NA,NA,NA,NA,0.53,0.64,NA,1,0.953465,0.35,0.55,1
2016-08-31,0.4204,NA,0.47,NA,0.341667,0.327192,0.327192,NA,NA,NA,NA,0.7,0.65,NA,1,NA,0.35,0.5,1
2016-09-01,0.5482,NA,0.818127,NA,0.341667,0.913743,0.313827,NA,NA,NA,NA,0.84,0.82,NA,1,0.993785,0.5,0.5,0
2016-09-02,0.8065,NA,0.876349,NA,0.341667,0.960318,0.358737,NA,NA,NA,NA,0.84,0.82,NA,1,1,0.6,0.5,0
2016-09-03,0.94907,NA,0.874009,NA,0.333333,0.7589,0.399466,NA,NA,NA,NA,0.98,0.99,NA,1,0.760773,0.6,0.5,0
2016-09-04,1,NA,0.778461,NA,0.333333,0.392022,0.392022,NA,NA,NA,NA,0.98,0.99,NA,1,0.721079,0.6,0.6,0
2016-09-05,0.919219,NA,0.814507,NA,0.333333,0.404934,0.494443,NA,NA,NA,NA,0.98,0.98,NA,0,0.721092,0.6,0.6,0
2016-09-06,0.6352,NA,0.560843,NA,0.325,0.434547,0.434547,NA,NA,NA,NA,0.83,0.89,NA,0,NA,0.7,0.4,0
2016-09-07,0.7115,NA,0.73,NA,0.325,0.485097,0.42194,NA,NA,NA,NA,0.85,0.9,NA,0,0.88463,0.65,0.45,0
2016-09-08,0.7597,NA,0.64,NA,0.325,0.584566,0.460863,NA,NA,NA,NA,0.91,0.93,NA,0,0.843672,0.6,0.6,0
2016-09-09,0.4093,NA,0.66,NA,0.325,0.593288,0.593288,NA,NA,NA,NA,0.76,0.74,NA,0,1,0.65,0.5,0
2016-09-10,0.4287,NA,0.59,NA,0.325,0.50744,0.50744,NA,NA,NA,NA,0.79,0.76,NA,0,1,0.65,0.6,0
2016-09-11,0.6942,NA,0.78,NA,0.325,0.771989,0.512108,NA,NA,NA,NA,0.89,0.93,NA,0,1,0.65,0.65,0
2016-09-12,0.5091,NA,0.28,NA,0.325,0.574272,0.406246,NA,NA,NA,NA,0.69,0.68,NA,0,0.967106,0.45,0.6,0
2016-09-13,0.4941,NA,0.2,NA,0.316667,0.268244,0.308089,NA,NA,NA,NA,0.47,0.65,NA,0,0.95648,0.25,0.45,0
2016-09-14,0.4155,NA,0.28,NA,0.308333,0.343895,0.199424,NA,NA,NA,NA,0.36,0.35,NA,0,0.878574,0.2,0.5,0
2016-09-15,0.0642,NA,0,NA,0.3,0.202972,0.183755,NA,NA,NA,NA,0.04,0.11,NA,0,0.6,0.1,0.32,0
2016-09-16,0.1019,NA,0.06,NA,0.291667,0.456795,0.149803,NA,NA,NA,NA,0.1,0.06,NA,0,NA,0.1,0.09,0
2016-09-17,0.0403,NA,0.09,NA,0.291667,0.270397,0.100747,NA,NA,NA,NA,0.09,0.06,NA,0,0.523314,0.05,0.05,0
2016-09-18,0.0403,NA,0.06,NA,0.291667,0.206072,0.115029,NA,NA,NA,NA,0.09,0.06,NA,0,0.516573,0.05,0.05,0
2016-09-19,0.6723,NA,0.35,NA,0.291667,0.394147,0.321317,NA,NA,NA,NA,0.35,0.45,NA,0,0.877133,0.25,0.14,0
2016-09-20,0.3511,NA,0.42,NA,0.283333,0.670984,0.228534,NA,NA,NA,NA,0.27,0.54,NA,0,1,0.25,0.15,0
2016-09-21,0.5197,NA,0.43,NA,0.283333,0.764589,0.43035,NA,NA,NA,NA,0.61,0.52,NA,0,0.516573,0.25,0.4,1
2016-09-22,0.5614,NA,0.42,NA,0.291667,0.312913,0.312913,NA,NA,NA,NA,0.88,0.81,NA,0,0.74,0.35,0.65,1
2016-09-23,0.4631,NA,0.42,NA,0.291667,0.341888,0.441348,NA,NA,NA,NA,0.55,0.55,NA,0,1,0.3,0.65,0
2016-09-24,0.5402,NA,0.36,NA,0.291667,0.644694,0.444091,NA,NA,NA,NA,0.7,0.72,NA,0,1,0.3,0.65,0
2016-09-25,0.9835,NA,0.35,NA,0.283333,0.669847,0.294728,NA,NA,NA,NA,0.18,0.43,NA,0,0.8,0.3,0.5,1
2016-09-26,0.3267,NA,0.42,NA,0.291667,0.256449,0.197997,NA,NA,NA,NA,0.4,0.4,NA,0,0.542487,0.4,0.5,0
2016-09-27,0.7715,NA,0.23,NA,0.291667,0.339776,0.170462,NA,NA,NA,NA,0.68,0.6,NA,0,0.601055,0.3,0.35,1
2016-09-28,0.2532,NA,0.42,NA,0.3,0.722816,0.0950349,NA,NA,NA,NA,0.4,0.4,NA,0,0.610228,0.35,0.45,0
2016-09-29,0.2532,NA,0.14,NA,0.291667,0.675075,0.0954274,NA,NA,NA,NA,0.29,0.4,NA,0,NA,0.2,0.15,0
2016-09-30,0.1361,NA,0,NA,0.291667,0.803436,0.120714,NA,NA,NA,NA,0.15,0.24,NA,0,NA,0.1,0.15,0
2016-10-01,0.0407,NA,0,NA,0.291667,0.0654154,0.0158983,NA,NA,NA,NA,0.07,0.07,NA,0,NA,0.1,0.1,0
2016-10-02,NA,NA,0,NA,0.291667,0.0597937,0.0318268,NA,NA,NA,NA,-0.01,-0.01,NA,0,NA,0.1,0.05,0
2016-10-03,NA,NA,0.18,NA,0.291667,0.5414,0.0639388,NA,NA,NA,NA,0.1,0.06,NA,0,0.516573,0.2,0.01,0
2016-10-04,0.4645,NA,0.41,NA,0.291667,0.231765,0.231765,NA,NA,NA,NA,0.39,0.32,NA,0,0.542487,0.3,0.45,0
2016-10-05,0.4932,NA,0.49,NA,0.291667,0.252701,0.252701,NA,NA,NA,NA,0.2,0.43,NA,0,1,0.3,0.5,0
2016-10-06,0.6097,NA,0.5,NA,0.291667,0.912025,0.359239,NA,NA,NA,NA,0.89,0.84,NA,0,1,0.35,0.45,0
2016-10-07,0.4293,NA,0.59,NA,0.291667,0.766365,0.347202,NA,NA,NA,NA,0.57,0.75,NA,0,1,0.45,0.45,0
2016-10-08,0.5696,NA,0.63,NA,0.291667,0.429415,0.390868,NA,NA,NA,NA,0.7,0.81,NA,0,1,0.35,0.56,0
2016-10-09,0.6491,NA,0.73,NA,0.283333,0.404728,0.404728,NA,NA,NA,NA,0.82,0.87,NA,0,1,0.35,0.6,0
2016-10-10,0.6988,NA,0.74,NA,0.283333,0.614795,0.393189,NA,NA,NA,NA,0.47,0.76,NA,0,1,0.35,0.7,0
2016-10-11,0.6717,NA,0.44,NA,0.275,0.801927,0.441557,NA,NA,NA,NA,0.34,0.76,NA,0,1,0.3,0.49,0
2016-10-12,0.3557,NA,0.24,NA,0.266667,0.975049,0.385586,NA,NA,NA,NA,0.3,0.47,NA,0,1,0.3,0.35,1
2016-10-13,0.3667,NA,0.39,NA,0.266667,0.830752,0.378709,NA,NA,NA,NA,0.72,0.49,NA,0,1,0.3,0.35,1
2016-10-14,0.3559,NA,0.26,NA,0.275,0.30115,0.30115,NA,NA,NA,NA,0.48,0.56,NA,0,0.996156,0.3,0.3,1
2016-10-15,0.3559,NA,0.26,NA,0.283333,0.833788,0.232368,NA,NA,NA,NA,0.42,0.56,NA,0,0.870951,0.35,0.25,0
2016-10-16,0.2279,NA,0.22,NA,0.283333,0.176016,0.177191,NA,NA,NA,NA,0.2,0.38,NA,0,0.762675,0.3,0.4,0
2016-10-17,0.2279,NA,0.21,NA,0.283333,0.340318,0.1574,NA,NA,NA,NA,0.22,0.3,NA,0,0.832635,0.25,0.15,1
2016-10-18,0.1713,NA,0.42,NA,0.291667,0.193945,0.122346,NA,NA,NA,NA,0.22,0.3,NA,0,0.51,0.25,0.25,0
2016-10-19,0.1713,NA,0.35,NA,0.283333,0.34231,0.182047,NA,NA,NA,NA,0.22,0.3,NA,0,0.516573,0.2,0.25,0
2016-10-20,0.3012,NA,0.35,NA,0.283333,0.15582,0.15582,NA,NA,NA,NA,0.42,0.42,NA,0,0.644,0.15,0.25,0
2016-10-21,0.1573,NA,0.13,NA,0.283333,0.179492,0.110408,NA,NA,NA,NA,0.15,0.24,NA,0,0.516573,0.15,0.25,0
2016-10-22,0.1709,NA,0.28,NA,0.283333,0.509205,0.11366,NA,NA,NA,NA,0.27,0.29,NA,0,0.38,0.15,0.2,0
2016-10-23,0.0945,NA,0.13,NA,0.283333,0.418939,0.106251,NA,NA,NA,NA,0.2,0.14,NA,0,0.38,0.1,0.25,0
2016-10-24,0.0945,NA,0.1,NA,0.283333,0.0616589,0.0602995,NA,NA,NA,NA,0.07,0.14,NA,0,0.36,0.1,0.15,0
2016-10-25,0.0718,NA,0.25,NA,0.283333,0.1566,0.0952904,NA,NA,NA,NA,0.07,0.14,NA,0,0.73,0.1,0.1,0
2016-10-26,0.4647,NA,0.35,NA,0.283333,0.22647,0.0601311,NA,NA,NA,NA,0.54,0.72,NA,0,0.542487,0.2,0.15,0
2016-10-27,0.2532,NA,0.2,NA,0.283333,0.377547,0.053872,NA,NA,NA,NA,0.41,0.4,NA,0,NA,0.15,0.15,0
2016-10-28,0.2532,NA,0.23,NA,0.283333,0.726853,0.0379717,NA,NA,NA,NA,0.29,0.4,NA,0,NA,0.1,0.15,0
2016-10-29,0.2833,NA,0.23,NA,0.283333,0.178083,0.0644221,NA,NA,NA,NA,0.1,0.06,NA,0,0.21,0.1,0.25,0
2016-10-30,0.0403,NA,0.06,NA,0.283333,0.0407695,0.0482335,NA,NA,NA,NA,0.09,0.06,NA,0,0.4,0.1,0.2,0
2016-10-31,0.0403,NA,0,NA,0.283333,0.0623643,0.0623643,NA,NA,NA,NA,0.09,0.06,NA,0,0.41,0.1,0.1,0
2016-11-01,0.1091,NA,0.13,NA,0.283333,0.150258,0.110605,NA,NA,NA,NA,0.15,0.14,NA,0,0.31,0.1,0.05,0
2016-11-02,0.0403,NA,0,NA,0.283333,0.164839,0.10903,NA,NA,NA,NA,0.11,0.06,NA,0,0.25,0.05,0.05,0
2016-11-03,NA,NA,0.09,NA,0.283333,0.128082,0.0850516,NA,NA,NA,NA,-0.01,-0.01,NA,0,NA,0.05,0.01,0
2016-11-04,NA,NA,0.28,NA,0.283333,0.0714044,0.144536,NA,NA,NA,NA,0.12,0.1,NA,0,0.520963,0.1,0.06,0
2016-11-05,0.0638,NA,0.18,NA,0.283333,0.066373,0.0933758,NA,NA,NA,NA,0.12,0.1,NA,0,0.5766,0.1,0.06,0
2016-11-06,0.0638,NA,0.1,NA,0.275,0.319137,0.098363,NA,NA,NA,NA,0.12,0.1,NA,0,0.624155,0.1,0.09,0
2016-11-07,0.0638,NA,0.09,NA,0.266667,0.123918,0.0864864,NA,NA,NA,NA,0.12,0.1,NA,0,0.739995,0.1,0.1,0
2016-11-08,0.0789,NA,0,NA,0.258333,0.144245,0.0877913,NA,NA,NA,NA,0.17,0.13,NA,0,0.23,0.05,0.05,0
2016-11-09,NA,NA,0,NA,0.25,0.0271051,0.0590474,NA,NA,NA,NA,-0.01,-0.01,NA,0,NA,0.05,0.05,0
2016-11-10,NA,NA,0.2,NA,0.25,0.18208,0.124235,NA,NA,NA,NA,0.1,0.06,NA,0,0.71,0.15,0.05,0
2016-11-11,0.1009,NA,0.18,NA,0.25,0.184851,0.0883633,NA,NA,NA,NA,0.24,0.19,NA,0,NA,0.1,0.1,0
2016-11-12,0.4863,NA,0.09,NA,0.25,0.435884,0.143857,NA,NA,NA,NA,0.86,0.73,NA,0,0.42,0.2,0.1,0
2016-11-13,0.5045,NA,0.09,NA,0.25,0.0383684,0.15829,NA,NA,NA,NA,0.31,0.26,NA,0,0.5866,0.15,0.2,0
2016-11-14,0.1595,NA,0.5,NA,0.241667,0.340729,0.202385,NA,NA,NA,NA,0.24,0.3,NA,0,0.745171,0.15,0.25,0
2016-11-15,0.1015,NA,0.31,NA,0.233333,0.201612,0.159048,NA,NA,NA,NA,0.21,0.13,NA,0,0.664,0.1,0.15,0
2016-11-16,0.1091,NA,0.3,NA,0.225,0.214175,0.121546,NA,NA,NA,NA,0.24,0.2,NA,0,0.58,0.2,0.15,0
2016-11-17,0.4863,NA,0.45,NA,0.216667,0.101971,0.155984,NA,NA,NA,NA,0.54,0.72,NA,0,0.516573,0.3,0.15,0
2016-11-18,0.2747,NA,0.3,NA,0.208333,0.268507,0.150828,NA,NA,NA,NA,0.43,0.44,NA,0,0.870889,0.25,0.3,0
2016-11-19,0.1709,NA,0.12,NA,0.2,0.277189,0.112882,NA,NA,NA,NA,0.54,0.29,NA,0,0.746091,0.2,0.25,0
2016-11-20,0.0485,NA,0,NA,0.191667,0.360794,0.123842,NA,NA,NA,NA,0.06,0.07,NA,0,0.817542,0.05,0.15,0
2016-11-21,0.0485,NA,0,NA,0.183333,0.0591542,0.0854074,NA,NA,NA,NA,0.02,0.03,NA,0,0.56,0.05,0.1,0
2016-11-22,NA,NA,0,NA,0.175,0.130549,0.0605787,NA,NA,NA,NA,-0.01,-0.01,NA,0,NA,0.1,0.1,0
2016-11-23,0,NA,0,NA,0.166667,0.155045,0.0896656,NA,NA,NA,NA,-0.01,-0.01,NA,0,NA,0.1,0.1,0
2016-11-24,NA,NA,0.21,NA,0.158333,0.438775,0.156255,NA,NA,NA,NA,0.06,0.07,NA,0,NA,0.15,0.6,0
2016-11-25,0.0683,NA,0.09,NA,0.158333,0.491485,0.153331,NA,NA,NA,NA,0.05,0.1,NA,0,0.601055,0.15,0.55,0
2016-11-26,0.0683,NA,0.22,NA,0.158333,0.326616,0.120839,NA,NA,NA,NA,0.07,0.1,NA,0,0.594314,0.15,0.45,0
2016-11-27,0.0683,NA,0.09,NA,0.158333,0.115024,0.24226,NA,NA,NA,NA,0.07,0.1,NA,0,0.575141,0.2,0.3,0
2016-11-28,0.2537,NA,0.26,NA,0.158333,0.421534,0.251866,NA,NA,NA,NA,0.45,0.42,NA,0,0.877567,0.15,0.3,1
2016-11-29,0.3073,NA,0.25,NA,0.166667,0.494557,0.28624,NA,NA,NA,NA,0.46,0.51,NA,0,1,0.25,0.35,1
2016-11-30,0.5084,NA,0.42,NA,0.175,0.634834,0.236714,NA,NA,NA,NA,0.67,0.76,NA,1,1,0.5,0.5,1
2016-12-01,0.6725,NA,0.49,NA,0.183333,0.425575,0.290011,NA,NA,NA,NA,0.82,0.89,NA,0,1,0.5,0.55,0
2016-12-02,0.6547,NA,0.51,NA,0.183333,0.382187,0.342338,NA,NA,NA,NA,0.78,0.87,NA,0,1,0.5,0.35,0
2016-12-03,0.4864,NA,0.51,NA,0.183333,0.443439,0.309314,NA,NA,NA,NA,0.68,0.69,NA,0,1,0.4,0.3,0
2016-12-04,0.6258,NA,0.16,NA,0.183333,0.379371,0.379371,NA,NA,NA,NA,0.82,0.84,NA,0,1,0.5,0.3,1
2016-12-05,0.5671,NA,0.31,NA,0.183333,0.386009,0.350446,NA,NA,NA,NA,0.62,0.78,NA,0,0.575141,0.5,0.5,1
2016-12-06,0.5013,NA,0.17,NA,0.191667,0.240501,0.257684,NA,NA,NA,NA,0.59,0.75,NA,0,0.601055,0.45,0.55,0
2016-12-07,0.3387,NA,0.18,NA,0.183333,0.257822,0.257822,NA,NA,NA,NA,0.39,0.63,NA,0,0.610228,0.35,0.5,0
2016-12-08,0.1009,NA,0.12,NA,0.175,0.406652,0.0957208,NA,NA,NA,NA,0,0.19,NA,0,0.601055,0.2,0.5,0
2016-12-09,0.145,NA,0.09,NA,0.166667,0.573274,0.0781391,NA,NA,NA,NA,0.17,0.24,NA,0,NA,0.15,0.2,0
2016-12-10,0.0407,NA,0,NA,0.166667,0.0158983,0.0158983,NA,NA,NA,NA,0.07,0.07,NA,0,NA,0.1,0.2,1
2016-12-11,NA,NA,0,NA,0.166667,0.0337671,0.0337671,NA,NA,NA,NA,-0.01,-0.01,NA,0,NA,0.05,0.1,0
2016-12-12,NA,NA,0.09,NA,0.166667,0.0417216,0.0417216,NA,NA,NA,NA,0.1,0.06,NA,0,0.36,0.1,0.1,0
2016-12-13,0.0403,NA,0.23,NA,0.166667,0.0403172,0.0403172,NA,NA,NA,NA,0.09,0.06,NA,0,0.542487,0.15,0.05,0
2016-12-14,0.1361,NA,0,NA,0.158333,0.0520725,0.0520725,NA,NA,NA,NA,0.31,0.24,NA,0,NA,0.1,0.05,0
2016-12-15,0.1371,NA,0.09,NA,0.15,0.0164496,0.0801403,NA,NA,NA,NA,0.22,0.25,NA,0,0.28,0.1,0.05,0
2016-12-16,0.1229,NA,0,NA,0.15,0.146353,0.0559211,NA,NA,NA,NA,0.02,0.03,NA,0,0.25,0.05,0.05,0
2016-12-17,NA,NA,0,NA,0.15,0.0128445,0.0400451,NA,NA,NA,NA,-0.01,-0.01,NA,0,NA,0.05,0.05,0
2016-12-18,0,NA,0,NA,0.15,0.0259662,0.0332007,NA,NA,NA,NA,-0.01,-0.01,NA,0,NA,0.05,0.02,0
2016-12-19,NA,NA,0.12,NA,0.15,0.0181906,0.0638429,NA,NA,NA,NA,0.32,0.35,NA,0,0.32,0.15,0.01,0
2016-12-20,0.0403,NA,0.1,NA,0.15,0.104861,0.0771528,NA,NA,NA,NA,0.09,0.06,NA,0,0.24,0.1,0.2,0
2016-12-21,0.0789,NA,0.28,NA,0.15,0.148527,0.0853983,NA,NA,NA,NA,0.1,0.06,NA,0,0.63,0.1,0.05,0
2016-12-22,0.1009,NA,0.22,NA,0.15,0.221277,0.0823239,NA,NA,NA,NA,0.24,0.19,NA,0,0.51,0.1,0.05,0
2016-12-23,0.0407,NA,0,NA,0.15,0.166053,0.0672496,NA,NA,NA,NA,0.04,0.07,NA,0,0.516573,0.05,0.15,0
2016-12-24,NA,NA,0,NA,0.15,0.00987536,0.0652773,NA,NA,NA,NA,-0.01,-0.01,NA,0,NA,0.01,0.05,0
2016-12-25,0,NA,0,NA,0.15,0.0139316,0.0475243,NA,NA,NA,NA,-0.01,-0.01,NA,0,NA,0.01,0.01,0
2016-12-26,0,NA,0,NA,0.15,0.0610893,0.0634182,NA,NA,NA,NA,-0.01,-0.01,NA,0,NA,0.01,0.01,0
2016-12-27,NA,NA,0.24,NA,0.15,0.232035,0.061017,NA,NA,NA,NA,0.1,0.06,NA,0,0.48,0.1,0.05,0
2016-12-28,0.0718,NA,0,NA,0.141667,0.253305,0.0396897,NA,NA,NA,NA,0.16,0.14,NA,0,0.626968,0.1,0.45,0
2016-12-29,0.0403,NA,0,NA,0.133333,0.43088,0.0390755,NA,NA,NA,NA,0.11,0.06,NA,0,NA,0.1,0.2,0
2016-12-30,NA,NA,0,NA,0.125,0.0783008,0.0158983,NA,NA,NA,NA,-0.01,-0.01,NA,0,NA,0.05,0.1,0
2016-12-31,NA,NA,0,NA,0.116667,0.0301753,0.0792932,NA,NA,NA,NA,0.02,0.03,NA,0,0.763278,0.05,0.15,0
2017-01-01,0.0245,NA,NA,NA,0.116667,0.0331149,0.0329705,NA,NA,NA,NA,0.02,0.03,NA,0,NA,0.05,0.15,0
2017-01-02,NA,NA,0,NA,0.116667,0.0726578,0.0726578,NA,NA,NA,NA,-0.01,-0.01,NA,0,NA,0.05,0.1,0
2017-01-03,0,NA,0,NA,0.116667,0.0599606,0.0599606,NA,NA,NA,NA,-0.01,-0.01,NA,0,NA,0.1,0.09,0
2017-01-04,NA,NA,0,NA,0.116667,0.0855911,0.0699942,NA,NA,NA,NA,0.02,0.03,NA,0,0.3,0.05,0.05,0
2017-01-05,NA,NA,0,NA,0.116667,0.00346095,0.0748859,NA,NA,NA,NA,-0.01,-0.01,NA,0,NA,0.01,0.05,0
2017-01-06,0,NA,0,NA,0.116667,0.00644301,0.0483915,NA,NA,NA,NA,-0.01,-0.01,NA,0,NA,0.05,0.01,0
2017-01-07,0,NA,0,NA,0.116667,0.00535749,0.0646236,NA,NA,NA,NA,-0.01,-0.01,NA,0,NA,0.01,0.01,0
2017-01-08,0,NA,0,NA,0.116667,0.00644301,0.0158983,NA,NA,NA,NA,-0.01,-0.01,NA,0,NA,0.01,0.01,0
2017-01-09,0,NA,0,NA,0.116667,0.150249,0.01,NA,NA,NA,NA,-0.01,-0.01,NA,0,NA,0.01,0.01,0
2017-01-10,0,NA,0,NA,0.116667,0.141894,0.01,NA,NA,NA,NA,-0.01,-0.01,NA,0,NA,0.01,0.15,0
2017-01-11,0,NA,0,NA,0.116667,0.306474,0.01,NA,NA,NA,NA,-0.01,-0.01,NA,0,NA,0.05,0.25,0
2017-01-12,0,NA,0,NA,0.116667,0.01,0.01,NA,NA,NA,NA,-0.01,-0.01,NA,0,NA,0.01,0.3,1
2017-01-13,NA,NA,0.05,NA,0.125,0.0323833,0.0427415,NA,NA,NA,NA,0.06,0.07,NA,0,NA,0.3,0.45,0
2017-01-14,0.1374,NA,0.26,NA,0.125,0.195461,0.130998,NA,NA,NA,NA,0.18,0.25,NA,0,0.54,0.25,0.6,0
2017-01-15,0.1907,NA,0.3,NA,0.125,0.327344,0.162303,NA,NA,NA,NA,0.18,0.25,NA,0,0.857444,0.25,0.55,0
2017-01-16,0.1062,NA,0.26,NA,0.125,0.195818,0.195818,NA,NA,NA,NA,0.09,0.18,NA,0,0.813122,0.15,0.5,0
2017-01-17,0.1062,NA,0.28,NA,0.125,0.124793,0.233149,NA,NA,NA,NA,0.1,0.18,NA,0,0.824707,0.15,0.1,0
2017-01-18,0.1713,NA,0.18,NA,0.125,0.182348,0.272429,NA,NA,NA,NA,0.31,0.3,NA,0,0.954553,0.15,0.12,0
2017-01-19,0.1951,NA,0.27,NA,0.125,0.226958,0.226958,NA,NA,NA,NA,0.28,0.32,NA,0,0.926574,0.15,0.14,0
2017-01-20,0.1319,NA,0.15,NA,0.125,0.297056,0.297056,NA,NA,NA,NA,0.15,0.2,NA,0,0.834056,0.2,0.1,0
2017-01-21,0.3778,NA,0.46,NA,0.116667,0.360436,0.250584,NA,NA,NA,NA,0.54,0.55,NA,0,1,0.7,0.2,1
2017-01-22,0.848,NA,0.43,NA,0.116667,0.485447,0.515233,NA,NA,NA,NA,0.87,0.93,NA,0,1,0.65,0.8,0
2017-01-23,0.6367,NA,0.47,NA,0.116667,0.266852,0.422578,NA,NA,NA,NA,0.77,0.86,NA,0,1,0.45,0.75,0
2017-01-24,0.5896,NA,0.33,NA,0.116667,0.391404,0.3964,NA,NA,NA,NA,0.69,0.83,NA,0,1,0.45,0.3,0
2017-01-25,0.5181,NA,0.39,NA,0.108333,0.409378,0.360836,NA,NA,NA,NA,0.77,0.6,NA,1,1,0.35,0.2,0
2017-01-26,0.5229,NA,0.41,NA,0.108333,0.328138,0.328138,NA,NA,NA,NA,0.52,0.58,NA,0,1,0.35,0.35,0
2017-01-27,0.3809,NA,0.33,NA,0.1,0.234333,0.234333,NA,NA,NA,NA,0.44,0.55,NA,0,0.85313,0.35,0.3,0
2017-01-28,0.3286,NA,0.34,NA,0.1,0.557339,0.16253,NA,NA,NA,NA,0.39,0.52,NA,0,0.895794,0.35,0.25,1
2017-01-29,0.214,NA,NA,NA,0.108333,0.36891,0.200771,NA,NA,NA,NA,0.28,0.41,NA,0,1,0.3,0.25,0
2017-01-30,0.1374,NA,NA,NA,0.108333,0.314666,0.11891,NA,NA,NA,NA,0.07,0.25,NA,0,0.72,0.2,0.3,0
2017-01-31,0.1275,NA,NA,NA,0.108333,0.150255,0.196749,NA,NA,NA,NA,0.16,0.17,NA,0,1,0.15,0.19,0
2017-02-01,0.1628,NA,0.29,NA,0.108333,0.27294,0.214051,NA,NA,NA,NA,0.23,0.23,NA,0,0.963735,0.1,0.15,0
2017-02-02,0.3322,NA,0.43,NA,0.108333,0.471462,0.282743,NA,NA,NA,NA,0.56,0.46,NA,0,0.914078,0.15,0.18,0
2017-02-03,0.3322,NA,0.14,NA,0.108333,0.317887,0.190201,NA,NA,NA,NA,0.41,0.51,NA,0,0.796501,0.1,0.3,0
2017-02-04,0.2275,NA,0,NA,0.108333,0.402028,0.16183,NA,NA,NA,NA,0.29,0.37,NA,0,1,0.1,0.35,0
2017-02-05,0.1277,NA,0,NA,0.108333,0.300884,0.161996,NA,NA,NA,NA,0.11,0.14,NA,0,1,0.05,0.3,0
2017-02-06,0.1134,NA,0,NA,0.108333,0.148767,0.148767,NA,NA,NA,NA,0.04,0.07,NA,0,NA,0.05,0.15,0
2017-02-07,0.0638,NA,0.05,NA,0.108333,0.121442,0.0819702,NA,NA,NA,NA,0.08,0.06,NA,0,0.37,0.05,0.3,0
2017-02-08,0.0245,NA,0,NA,0.108333,0.0796758,0.100923,NA,NA,NA,NA,0.02,0.03,NA,0,0.34,0.05,0.25,0
2017-02-09,NA,NA,0.2,NA,0.108333,0.1054,0.113982,NA,NA,NA,NA,-0.01,-0.01,NA,1,NA,0.2,0.2,1
2017-02-10,NA,NA,0.11,NA,0.116667,0.122875,0.221105,NA,NA,NA,NA,0.4,0.4,NA,0,0.79,0.2,0.6,0
2017-02-11,0.4647,NA,0.3,NA,0.108333,0.167021,0.163469,NA,NA,NA,NA,0.71,0.72,NA,0,0.08,0.15,0.45,0
2017-02-12,0.4647,NA,0.16,NA,0.1,0.130492,0.130492,NA,NA,NA,NA,0.55,0.72,NA,0,NA,0.15,0.3,0
2017-02-13,0.4647,NA,NA,NA,0.0916667,0.0402526,0.235537,NA,NA,NA,NA,0.55,0.72,NA,0,0.79,0.15,0.15,0
2017-02-14,0.1009,NA,0.2,NA,0.0916667,0.0589652,0.140059,NA,NA,NA,NA,0,0.19,NA,0,0.65,0.15,0.15,0
2017-02-15,0.1009,NA,0.05,NA,0.0916667,0.169177,0.0822911,NA,NA,NA,NA,0.15,0.19,NA,0,NA,0.1,0.1,0
2017-02-16,0.0525,NA,0.05,NA,0.0833333,0.113451,0.113324,NA,NA,NA,NA,0.08,0.1,NA,0,0.43,0.1,0.2,0
2017-02-17,0.0525,NA,0.05,NA,0.0833333,0.0889426,0.112601,NA,NA,NA,NA,0.05,0.1,NA,0,NA,0.05,0.2,0
2017-02-18,0.0945,NA,0.24,NA,0.0833333,0.0453797,0.0763105,NA,NA,NA,NA,0,0.14,NA,0,0.38,0.15,0.2,0
2017-02-19,0.0403,NA,0,NA,0.0833333,0.022689,0.042921,NA,NA,NA,NA,0.11,0.06,NA,0,0.43,0.25,0.1,0
2017-02-20,0.0485,NA,0.05,NA,0.0833333,0.36288,0.116685,NA,NA,NA,NA,0.05,0.07,NA,0,0.646,0.25,0.3,0
2017-02-21,0.2894,NA,0.24,NA,0.0833333,0.637168,0.167567,NA,NA,NA,NA,0.42,0.42,NA,0,0.791488,0.25,0.3,0
2017-02-22,0.2008,NA,0.1,NA,0.0833333,0.793591,0.228664,NA,NA,NA,NA,0.25,0.35,NA,0,0.575141,0.25,0.3,1
2017-02-23,0.1807,NA,0.2,NA,0.0916667,0.517329,0.273191,NA,NA,NA,NA,0.24,0.35,NA,0,0.5684,0.2,0.28,1
2017-02-24,0.1009,NA,0.1,NA,0.1,0.454977,0.180589,NA,NA,NA,NA,0.04,0.19,NA,0,0.74,0.25,0.3,1
2017-02-25,0.1267,NA,0.1,NA,0.108333,0.175509,0.285198,NA,NA,NA,NA,0.19,0.25,NA,0,0.638507,0.25,0.4,0
2017-02-26,0.1654,NA,0.19,NA,0.108333,0.194563,0.194563,NA,NA,NA,NA,0.15,0.31,NA,0,NA,0.2,0.25,0
2017-02-27,0.1164,NA,0.24,NA,0.108333,0.204094,0.204094,NA,NA,NA,NA,0.23,0.2,NA,0,0.650174,0.25,0.25,0
2017-02-28,0.1798,NA,0.46,NA,0.108333,0.205412,0.205412,NA,NA,NA,NA,0.26,0.26,NA,0,1,0.25,0.15,0
2017-03-01,0.1916,NA,0.48,NA,0.108333,0.398205,0.249247,NA,NA,NA,NA,0.23,0.33,NA,0,1,0.25,0.27,0
2017-03-02,0.2091,NA,0.45,NA,0.108333,0.270071,0.345012,NA,NA,NA,NA,0.62,0.31,NA,0,1,0.2,0.15,0
2017-03-03,0.1381,NA,0.36,NA,0.108333,0.318138,0.318138,NA,NA,NA,NA,0.16,0.23,NA,0,0.921834,0.1,0.1,0
2017-03-04,0.1381,NA,0,NA,0.108333,0.0682339,0.162891,NA,NA,NA,NA,0.21,0.2,NA,0,NA,0.15,0.08,0
2017-03-05,NA,NA,0,NA,0.108333,0.0668791,0.136904,NA,NA,NA,NA,-0.01,-0.01,NA,0,NA,0.05,0.05,0
2017-03-06,NA,NA,0,NA,0.108333,0.0143868,0.102284,NA,NA,NA,NA,0.02,0.03,NA,0,NA,0.05,0.05,0
2017-03-07,NA,NA,0,NA,0.108333,0.090569,0.090569,NA,NA,NA,NA,-0.01,-0.01,NA,0,NA,0.05,0.05,0
2017-03-08,0,NA,0,NA,0.108333,0.177105,0.104013,NA,NA,NA,NA,-0.01,-0.01,NA,0,NA,0.05,0.05,0
2017-03-09,0,NA,0,NA,0.108333,0.00483039,0.0523423,NA,NA,NA,NA,-0.01,-0.01,NA,0,NA,0.01,0.05,0
2017-03-10,0,NA,0,NA,0.108333,0.00644301,0.0498108,NA,NA,NA,NA,-0.01,-0.01,NA,0,NA,0.01,0.05,0
2017-03-11,0,NA,0,NA,0.108333,0.0082378,0.120714,NA,NA,NA,NA,-0.01,-0.01,NA,0,NA,0.01,0.05,0
2017-03-12,0,NA,0,NA,0.108333,0.120714,0.120714,NA,NA,NA,NA,-0.01,-0.01,NA,0,NA,0.01,0.05,0
2017-03-13,0,NA,0,NA,0.108333,0.120714,0.120714,NA,NA,NA,NA,-0.01,-0.01,NA,0,NA,0.01,0.05,0
2017-03-14,0,NA,0,NA,0.108333,0.120714,0.120714,NA,NA,NA,NA,-0.01,-0.01,NA,0,NA,0.01,0.05,0
2017-03-15,0,NA,0.05,NA,0.108333,0.120714,0.120714,NA,NA,NA,NA,-0.01,-0.01,NA,0,NA,0.01,0.05,0
2017-03-16,0,NA,0,NA,0.108333,0.120714,0.120714,NA,NA,NA,NA,-0.01,-0.01,NA,0,NA,0.01,0.05,0
2017-03-17,0,NA,0,NA,0.108333,0.00644301,0.120714,NA,NA,NA,NA,-0.01,-0.01,NA,0,NA,0.01,0.05,0
2017-03-18,0,NA,0,NA,0.108333,0.00644301,0.01,NA,NA,NA,NA,-0.01,-0.01,NA,0,NA,0.05,0.05,0
2017-03-19,0,NA,0,NA,0.108333,0.01,0.01,NA,NA,NA,NA,-0.01,-0.01,NA,0,NA,0.05,0.05,0
2017-03-20,0,NA,0,NA,0.108333,0.01,0.01,NA,NA,NA,NA,-0.01,-0.01,NA,0,NA,0.05,0.05,0
2017-03-21,0,NA,0,NA,0.108333,0.01,0.01,NA,NA,NA,NA,-0.01,-0.01,NA,0,NA,0.05,0.01,0
2017-03-22,NA,NA,0.05,NA,0.108333,0.0232507,0.032382,NA,NA,NA,NA,0.04,0.06,NA,0,NA,0.1,0.05,0
2017-03-23,0.0407,NA,0.1,NA,0.108333,0.0360643,0.0360643,NA,NA,NA,NA,0,0.07,NA,0,0.48,0.1,0.05,0
2017-03-24,0.0287,NA,0.05,NA,0.108333,0.0128445,0.0387745,NA,NA,NA,NA,0.05,0.06,NA,0,0.45,0.1,0.1,0
2017-03-25,0.0287,NA,0.05,NA,0.108333,0.0135968,0.0436766,NA,NA,NA,NA,0.05,0.06,NA,0,0.39,0.1,0.15,0
2017-03-26,0.0245,NA,0.21,NA,0.108333,0.164253,0.0409037,NA,NA,NA,NA,0.01,0.03,NA,0,0.12,0.15,0.1,1
2017-03-27,0.2716,NA,0.23,NA,0.116667,0.437018,0.124629,NA,NA,NA,NA,0.4,0.4,NA,0,0.5684,0.25,0.25,1
2017-03-28,0.7226,NA,0.41,NA,0.125,0.660993,0.26692,NA,NA,NA,NA,0.77,0.78,NA,1,0.906043,0.65,0.35,1
2017-03-29,0.6294,NA,0.37,NA,0.133333,0.23096,0.23096,NA,NA,NA,NA,0.91,0.89,NA,1,1,0.6,0.65,0
2017-03-30,0.6192,NA,0.45,NA,0.125,0.35566,0.375268,NA,NA,NA,NA,0.67,0.78,NA,0,0.914868,0.5,0.45,0
2017-03-31,0.8022,NA,0.54,NA,0.116667,0.321891,0.331203,NA,NA,NA,NA,0.39,0.89,NA,0,1,0.6,0.45,1
2017-04-01,1,NA,0.56,NA,0.116667,0.555116,0.357473,NA,NA,NA,NA,0.92,0.99,NA,1,1,0.8,0.4,1
2017-04-02,1,NA,0.73527,NA,0.125,0.9542,0.357196,NA,NA,NA,NA,0.99,0.99,NA,1,1,0.99,0.55,1
2017-04-03,1,NA,0.859034,NA,0.133333,1,0.535725,NA,NA,NA,NA,0.99,1,NA,1,1,0.99,0.9,1
2017-04-04,1,NA,0.7,NA,0.141667,0.942257,0.266771,NA,NA,NA,NA,0.99,1,NA,1,1,0.9,0.99,1
2017-04-05,0.974608,NA,0.61,NA,0.141667,0.828926,0.29099,NA,NA,NA,NA,0.99,0.99,NA,1,1,0.85,0.99,1
2017-04-06,1,NA,0.67,NA,0.141667,0.812098,0.284214,NA,NA,NA,NA,0.96,0.98,NA,0,NA,0.7,0.75,1
2017-04-07,0.944174,NA,0.05,NA,0.15,0.778439,0.156676,NA,NA,NA,NA,0.94,0.98,NA,1,0.33,0.7,0.7,1
2017-04-08,0.166,NA,0,NA,0.158333,0.0511022,0.110173,NA,NA,NA,NA,0.25,0.27,NA,0,NA,0.55,0.5,1
2017-04-09,NA,NA,0,NA,0.166667,0.0768718,0.0764596,NA,NA,NA,NA,-0.01,-0.01,NA,0,NA,0.25,0.4,0
2017-04-10,NA,NA,0.05,NA,0.166667,0.406409,0.101331,NA,NA,NA,NA,0.15,0.14,NA,0,NA,0.15,0.25,0
2017-04-11,0.1361,NA,0.05,NA,0.158333,0.308033,0.086639,NA,NA,NA,NA,0.18,0.24,NA,0,0.76,0.15,0.15,0
2017-04-12,0.1361,NA,0.05,NA,0.158333,0.26662,0.0939939,NA,NA,NA,NA,0.2,0.24,NA,0,0.55,0.15,0.2,0
2017-04-13,0.1009,NA,0.1,NA,0.158333,0.0428021,0.104682,NA,NA,NA,NA,0.13,0.19,NA,0,0.3,0.1,0.15,0
2017-04-14,0.1009,NA,NA,NA,0.158333,0.0826959,0.0826959,NA,NA,NA,NA,0.15,0.19,NA,0,NA,0.1,0.15,0
2017-04-15,0.0287,NA,0,NA,0.158333,0.0468371,0.0665021,NA,NA,NA,NA,0.05,0.06,NA,0,0.55,0.1,0.15,0
2017-04-16,0.0245,NA,0,NA,0.158333,0.00354357,0.0605725,NA,NA,NA,NA,0.01,0.03,NA,0,0.44,0.01,0.05,0
2017-04-17,NA,NA,0,NA,0.158333,0.00373476,0.0516021,NA,NA,NA,NA,-0.01,-0.01,NA,1,NA,0.4,0.1,1
2017-04-18,0,NA,0,NA,0.166667,0.0517739,0.0762233,NA,NA,NA,NA,-0.01,-0.01,NA,1,NA,0.4,0.75,1
2017-04-19,NA,NA,0.11,NA,0.175,0.564277,0.105311,NA,NA,NA,NA,0.32,0.35,NA,1,NA,0.4,0.8,0
2017-04-20,0.2532,NA,0.15,NA,0.175,0.476059,0.114931,NA,NA,NA,NA,0.43,0.4,NA,1,0.594314,0.4,0.8,0
2017-04-21,0.2747,NA,0.15,NA,0.175,0.43333,0.157332,NA,NA,NA,NA,0.32,0.44,NA,0,0.865571,0.45,0.7,0
2017-04-22,0.2182,NA,0.15,NA,0.175,0.231161,0.231161,NA,NA,NA,NA,0.29,0.37,NA,0,0.874677,0.35,0.65,0
2017-04-23,0.2182,NA,0.21,NA,0.175,0.293324,0.293324,NA,NA,NA,NA,0.25,0.32,NA,0,1,0.25,0.65,0
2017-04-24,0.196,NA,0.41,NA,0.175,0.175668,0.175668,NA,NA,NA,NA,0.28,0.33,NA,0,0.994026,0.25,0.45,0
2017-04-25,0.1668,NA,0.24,NA,0.175,0.175668,0.175668,NA,NA,NA,NA,0.2,0.25,NA,0,1,0.2,0.15,0
2017-04-26,0.1281,NA,0.2,NA,0.175,0.267503,0.267503,NA,NA,NA,NA,0.16,0.2,NA,0,NA,0.2,0.08,0
2017-04-27,0.1023,NA,0.15,NA,0.175,0.356679,0.295738,NA,NA,NA,NA,0.12,0.18,NA,0,0.858402,0.2,0.1,0
2017-04-28,0.1281,NA,0.15,NA,0.175,0.146051,0.146051,NA,NA,NA,NA,0.08,0.18,NA,0,0.780498,0.15,0.08,0
2017-04-29,0.1023,NA,0.14,NA,0.175,0.621814,0.170506,NA,NA,NA,NA,0.12,0.18,NA,0,NA,0.15,0.05,0
2017-04-30,0.1023,NA,0.1,NA,0.175,0.242507,0.152335,NA,NA,NA,NA,0.08,0.18,NA,0,0.732406,0.1,0.06,0
2017-05-01,0.0911,NA,0.05,NA,0.175,0.0757735,0.136911,NA,NA,NA,NA,0.1,0.17,NA,0,0.671369,0.1,0.05,0
2017-05-02,0.0911,NA,0.05,NA,0.175,0.305277,0.123153,NA,NA,NA,NA,0.05,0.06,NA,0,0.45,0.1,0.15,0
2017-05-03,0.2716,NA,0.11,NA,0.175,0.216276,0.145611,NA,NA,NA,NA,0.61,0.4,NA,0,0.78,0.2,0.1,0
2017-05-04,0.2008,NA,0.11,NA,0.175,0.0649887,0.122845,NA,NA,NA,NA,0.25,0.35,NA,0,0.68,0.2,0.25,0
2017-05-05,0.2137,NA,0.37,NA,0.175,0.066967,0.142074,NA,NA,NA,NA,0.32,0.39,NA,0,0.81044,0.2,0.2,0
2017-05-06,0.1813,NA,0.15,NA,0.175,0.135978,0.120839,NA,NA,NA,NA,0.18,0.37,NA,0,0.725408,0.3,0.25,0
2017-05-07,0.1095,NA,0.1,NA,0.175,0.199334,0.120839,NA,NA,NA,NA,0.04,0.21,NA,0,0.698822,0.1,0.3,0
2017-05-08,0.0793,NA,0.1,NA,0.175,0.0947162,0.120839,NA,NA,NA,NA,0.14,0.07,NA,0,0.34,0.1,0.15,0
2017-05-09,0.0638,NA,0,NA,0.175,0.054665,0.068119,NA,NA,NA,NA,0,-0.01,NA,0,NA,0.05,0.05,0
2017-05-10,NA,NA,0,NA,0.175,0.00644301,0.01,NA,NA,NA,NA,-0.01,-0.01,NA,0,NA,0.05,0.03,0
2017-05-11,0,NA,0,NA,0.175,0.0258052,0.036211,NA,NA,NA,NA,-0.01,-0.01,NA,0,NA,0.01,0.01,0
2017-05-12,0,NA,0,NA,0.175,0.0338216,0.0338216,NA,NA,NA,NA,-0.01,-0.01,NA,0,NA,0.01,0.01,0
2017-05-13,0,NA,0,NA,0.175,0.0324762,0.0324762,NA,NA,NA,NA,-0.01,-0.01,NA,0,NA,0.01,0.01,0
2017-05-14,0,NA,0,NA,0.166667,0.0555601,0.0158983,NA,NA,NA,NA,-0.01,-0.01,NA,0,NA,0.01,0.04,0
2017-05-15,0,NA,0,NA,0.166667,0.125835,0.0158983,NA,NA,NA,NA,-0.01,-0.01,NA,0,NA,0.01,0.02,0
2017-05-16,0,NA,0,NA,0.166667,0.0499605,0.01,NA,NA,NA,NA,-0.01,-0.01,NA,0,NA,0.01,0.03,0
2017-05-17,NA,NA,0.05,NA,0.166667,0.0632293,0.0749195,NA,NA,NA,NA,0.06,0.06,NA,0,0.6208,0.05,0.15,0
2017-05-18,0.1229,NA,0.05,NA,0.166667,0.101429,0.0798859,NA,NA,NA,NA,0,0.19,NA,0,NA,0.1,0.08,0
2017-05-19,0.1058,NA,0.12,NA,0.166667,0.214057,0.141082,NA,NA,NA,NA,0.14,0.17,NA,0,NA,0.15,0.08,0
2017-05-20,0.1058,NA,0.1,NA,0.166667,0.0345465,0.123604,NA,NA,NA,NA,0.16,0.17,NA,0,NA,0.15,0.08,0
2017-05-21,0.095,NA,0.1,NA,0.166667,0.317858,0.126672,NA,NA,NA,NA,0.13,0.17,NA,0,NA,0.1,0.07,0
2017-05-22,0.3242,NA,0.26,NA,0.166667,0.197347,0.18459,NA,NA,NA,NA,0.48,0.51,NA,0,NA,0.15,0.15,0
2017-05-23,0.1937,NA,0.2,NA,0.158333,0.252252,0.224083,NA,NA,NA,NA,0.21,0.35,NA,0,NA,0.15,0.27,0
2017-05-24,0.113,NA,0.05,NA,0.158333,0.216975,0.216975,NA,NA,NA,NA,0.13,0.06,NA,0,NA,0.1,0.3,0
2017-05-25,0.1523,NA,0.2,NA,0.158333,0.219735,0.219735,NA,NA,NA,NA,0,0.14,NA,0,NA,0.1,0.15,0
2017-05-26,0.2903,NA,0.25,NA,0.158333,0.385606,0.196872,NA,NA,NA,NA,0,0.63,NA,0,NA,0.4,0.1,0
2017-05-27,0.4647,NA,0.3,NA,0.158333,0.478044,0.18286,NA,NA,NA,NA,0.63,0.72,NA,0,NA,0.4,0.45,0
2017-05-28,0.4647,NA,0.1,NA,0.158333,0.749313,0.155468,NA,NA,NA,NA,0.55,0.72,NA,0,NA,0.4,0.5,1
2017-05-29,0.2532,NA,0.36,NA,0.166667,0.596017,0.0884753,NA,NA,NA,NA,0.41,0.4,NA,0,NA,0.4,0.5,0
2017-05-30,0.1807,NA,0,NA,0.158333,0.531569,0.0624206,NA,NA,NA,NA,0.25,0.35,NA,0,NA,0.2,0.45,0
2017-05-31,NA,NA,0,NA,0.158333,0.0129715,0.0158983,NA,NA,NA,NA,-0.01,0.35,NA,0,NA,0.05,0.05,1
2017-06-01,NA,NA,0,NA,0.166667,0.261292,0.261292,NA,NA,NA,NA,0.04,0.06,NA,1,NA,0.55,0.35,1
2017-06-02,0.5406,NA,0.24,NA,0.175,0.0625396,0.0625396,NA,NA,NA,NA,0.4,0.47,NA,1,NA,0.55,0.55,1
2017-06-03,0.4101,NA,0.3,NA,0.183333,0.0768778,0.0768778,NA,NA,NA,NA,0,0.4,NA,1,NA,0.55,0.65,1
2017-06-04,0.3839,NA,0.18,NA,0.191667,0.118483,0.118483,NA,NA,NA,NA,0.51,0.51,NA,1,NA,0.55,0.65,0
2017-06-05,0.3839,NA,0.16,NA,0.191667,0.175643,0.175643,NA,NA,NA,NA,0.44,0.51,NA,1,NA,0.4,0.65,1
2017-06-06,0.3839,NA,0.15,NA,0.2,0.530416,0.182092,NA,NA,NA,NA,0.44,0.51,NA,0,NA,0.35,0.8,0
2017-06-07,0.1361,NA,0.05,NA,0.2,0.116633,0.122296,NA,NA,NA,NA,0.08,0.24,NA,0,NA,0.25,0.45,1
2017-06-08,0.0683,NA,0.05,NA,0.208333,0.0423519,0.123336,NA,NA,NA,NA,0.09,0.1,NA,0,NA,0.2,0.55,0
2017-06-09,0.0245,NA,0,NA,0.208333,0.0727658,0.0844557,NA,NA,NA,NA,0.06,0.03,NA,0,NA,0.05,0.33,0
2017-06-10,NA,NA,0,NA,0.208333,0.0715497,0.0651568,NA,NA,NA,NA,-0.01,-0.01,NA,0,NA,0.1,0.15,0
2017-06-11,0,NA,0,NA,0.2,0.332878,0.0459756,NA,NA,NA,NA,-0.01,-0.01,NA,0,NA,0.05,0.05,0
2017-06-12,0,NA,0,NA,0.2,0.394085,0.0363642,NA,NA,NA,NA,-0.01,-0.01,NA,0,NA,0.05,0.05,0
2017-06-13,0,NA,0,NA,0.2,0.0610057,0.0360898,NA,NA,NA,NA,-0.01,-0.01,NA,0,NA,0.05,0.02,0
2017-06-14,NA,NA,0.05,NA,0.2,0.0736059,0.0517821,NA,NA,NA,NA,0.06,0.07,NA,0,NA,0.05,0.03,0
2017-06-15,0.0407,NA,0.24,NA,0.2,0.315678,0.0429966,NA,NA,NA,NA,0.03,0.07,NA,0,NA,0.15,0.03,0
2017-06-16,0.214,NA,0.29,NA,0.2,0.179132,0.179132,NA,NA,NA,NA,0.34,0.41,NA,0,NA,0.2,0.05,0
2017-06-17,0.214,NA,0.2,NA,0.2,0.139278,0.185719,NA,NA,NA,NA,0.27,0.41,NA,0,NA,0.2,0.15,0
2017-06-18,0.214,NA,0.15,NA,0.2,0.102088,0.126587,NA,NA,NA,NA,0.27,0.41,NA,0,NA,0.2,0.07,0
2017-06-19,0.214,NA,0.22,NA,0.2,0.249926,0.166737,NA,NA,NA,NA,0.27,0.41,NA,0,NA,0.2,0.05,0
2017-06-20,0.1374,NA,0.1,NA,0.2,0.310112,0.148671,NA,NA,NA,NA,0.07,0.25,NA,0,NA,0.15,0.3,0
2017-06-21,0.1725,NA,0.14,NA,0.2,0.215207,0.215207,NA,NA,NA,NA,0.25,0.31,NA,0,NA,0.2,0.15,0
2017-06-22,0.1172,NA,0.1,NA,0.2,0.14606,0.14606,NA,NA,NA,NA,0.1,0.21,NA,0,NA,0.1,0.2,0
2017-06-23,0.1172,NA,0.1,NA,0.2,0.134684,0.134684,NA,NA,NA,NA,0.06,0.15,NA,0,NA,0.1,0.1,0
2017-06-24,0.0682,NA,0.1,NA,0.191667,0.244775,0.123822,NA,NA,NA,NA,0.08,0.14,NA,0,NA,0.1,0.09,0
2017-06-25,0.1229,NA,0.2,NA,0.183333,0.0819697,0.144174,NA,NA,NA,NA,0.14,0.19,NA,0,0.542487,0.1,0.09,0
2017-06-26,0.1229,NA,0.2,NA,0.175,0.169431,0.146905,NA,NA,NA,NA,0.15,0.19,NA,0,NA,0.15,0.19,0
2017-06-27,0.2903,NA,0.1,NA,0.175,0.149587,0.157826,NA,NA,NA,NA,0.39,0.63,NA,0,NA,0.15,0.25,0
2017-06-28,0.2903,NA,0.25,NA,0.175,0.149218,0.129071,NA,NA,NA,NA,0.24,0.63,NA,0,0.52,0.1,0.25,0
2017-06-29,0.1009,NA,0.11,NA,0.175,0.084826,0.0962561,NA,NA,NA,NA,0,0.19,NA,0,0.82,0.1,0.1,0
2017-06-30,0.1009,NA,0.05,NA,0.175,0.0599685,0.0599685,NA,NA,NA,NA,0.15,0.19,NA,0,0.67,0.1,0.1,0
2017-07-01,0.0407,NA,0.05,NA,0.175,0.245923,0.0466639,NA,NA,NA,NA,0.04,0.07,NA,0,0.59,0.05,0.1,0
2017-07-02,0.0407,NA,0.05,NA,0.175,0.0758422,0.0400992,NA,NA,NA,NA,0.03,0.07,NA,0,NA,0.05,0.05,0
2017-07-03,0.0407,NA,0,NA,0.175,0.0328816,0.034432,NA,NA,NA,NA,0.03,0.07,NA,0,NA,0.01,0.05,1
2017-07-04,NA,NA,0,NA,0.183333,0.0158983,0.0158983,NA,NA,NA,NA,-0.01,-0.01,NA,0,NA,0.1,0.4,1
2017-07-05,0,NA,0,NA,0.191667,0.0100153,0.0349098,NA,NA,NA,NA,-0.01,-0.01,NA,0,NA,0.05,0.6,0
2017-07-06,NA,NA,0.05,NA,0.191667,0.646133,0.119086,NA,NA,NA,NA,0.06,0.07,NA,0,NA,0.1,0.2,0
2017-07-07,0.2532,NA,0.49,NA,0.191667,0.539345,0.0742771,NA,NA,NA,NA,0.52,0.4,NA,1,0.685537,0.45,0.3,1
2017-07-08,1,NA,NA,NA,0.2,0.81387,0.0827449,NA,NA,NA,NA,0.98,0.98,NA,1,0.601055,0.6,0.55,1
2017-07-09,1,NA,0.51,NA,0.208333,0.797503,0.147346,NA,NA,NA,NA,0.98,0.98,NA,1,0.69471,0.75,0.7,1
2017-07-10,1,NA,0.461004,NA,0.216667,0.85859,0.858018,NA,NA,NA,NA,0.98,0.98,NA,1,0.69471,0.8,0.9,1
2017-07-11,0.902421,NA,0.51,NA,0.225,0.712137,0.255114,NA,NA,NA,NA,0.98,0.98,NA,0,0.678796,0.7,0.78,1
2017-07-12,0.902421,NA,0.36,NA,0.233333,0.702146,0.22847,NA,NA,NA,NA,0.98,0.98,NA,1,0.668796,0.7,0.75,0
2017-07-13,0.5515,NA,0.46,NA,0.233333,0.285157,0.285157,NA,NA,NA,NA,0.83,0.91,NA,0,1,0.65,0.8,1
2017-07-14,0.7929,NA,0.41,NA,0.241667,0.838706,0.346159,NA,NA,NA,NA,0.87,0.91,NA,1,1,0.75,0.7,1
2017-07-15,0.914974,NA,0.4,NA,0.25,0.259228,0.259228,NA,NA,NA,NA,0.98,0.98,NA,1,0.758756,0.75,0.85,1
2017-07-16,0.7343,NA,0.18,NA,0.258333,0.180665,0.180665,NA,NA,NA,NA,0.64,0.82,NA,1,1,0.75,0.8,1
2017-07-17,0.3907,NA,0.22,NA,0.266667,1,0.180203,NA,NA,NA,NA,0.68,0.67,NA,1,0.42,0.6,0.62,1
2017-07-18,0.4277,NA,0,NA,0.275,0.711654,0.0779521,NA,NA,NA,NA,0.28,0.25,NA,1,NA,0.6,0.65,1
2017-07-19,NA,NA,0,NA,0.283333,0.00644301,0.0660578,NA,NA,NA,NA,-0.01,-0.01,NA,1,NA,0.3,0.65,1
2017-07-20,0,NA,0,NA,0.291667,0.0701312,0.0158983,NA,NA,NA,NA,-0.01,-0.01,NA,0,NA,0.05,0.01,0
2017-07-21,0,NA,0,NA,0.291667,0.0297221,0.44158,NA,NA,NA,NA,-0.01,-0.01,NA,0,NA,0.01,0.05,0
2017-07-22,0,NA,0,NA,0.291667,0.0131055,0.226857,NA,NA,NA,NA,-0.01,-0.01,NA,0,NA,0.01,0.05,0
2017-07-23,0,NA,0,NA,0.291667,0.0262236,0.226857,NA,NA,NA,NA,-0.01,-0.01,NA,0,NA,0.01,0.05,0
2017-07-24,0,NA,0,NA,0.291667,0.0272017,0.226857,NA,NA,NA,NA,-0.01,-0.01,NA,0,NA,0.01,0.05,0
2017-07-25,0,NA,0,NA,0.291667,0.0656108,0.226857,NA,NA,NA,NA,-0.01,-0.01,NA,0,NA,0.01,0.05,0
2017-07-26,NA,NA,0,NA,0.283333,0.0926645,0.0351892,NA,NA,NA,NA,0.02,0.03,NA,0,0.33,0.05,0.05,0
2017-07-27,NA,NA,0,NA,0.275,0.113595,0.0401039,NA,NA,NA,NA,-0.01,-0.01,NA,0,NA,0.05,0.05,0
2017-07-28,0,NA,0,NA,0.266667,0.153095,0.036533,NA,NA,NA,NA,-0.01,-0.01,NA,0,NA,0.05,0.01,0
2017-07-29,0,NA,0,NA,0.266667,0.00795029,0.0340045,NA,NA,NA,NA,-0.01,-0.01,NA,0,NA,0.05,0.05,0
2017-07-30,NA,NA,0.05,NA,0.266667,0.0269117,0.0776507,NA,NA,NA,NA,0.1,0.06,NA,0,0.17,0.3,0.15,0
2017-07-31,0.0245,NA,0,NA,0.258333,0.0182133,0.0667933,NA,NA,NA,NA,0.02,0.03,NA,0,0.15,0.6,0.4,0
2017-08-01,NA,NA,0,NA,0.25,0.0294403,0.0325259,NA,NA,NA,NA,-0.01,-0.01,NA,0,NA,0.6,0.6,1
2017-08-02,0,NA,0.1,NA,0.25,0.264293,0.0623643,NA,NA,NA,NA,-0.01,-0.01,NA,1,NA,0.6,0.65,0
2017-08-03,NA,NA,0.11,NA,0.241667,0.447013,0.120839,NA,NA,NA,NA,0.19,0.19,NA,0,0.575141,0.25,0.5,0
2017-08-04,0.0407,NA,0.26,NA,0.233333,0.413414,0.119724,NA,NA,NA,NA,0.04,0.07,NA,0,0.549227,0.15,0.6,0
2017-08-05,0.0407,NA,NA,NA,0.225,0.234151,0.169378,NA,NA,NA,NA,0.03,0.07,NA,0,0.542487,0.15,0.45,0
2017-08-06,0.0407,NA,NA,NA,0.216667,0.074905,0.0917551,NA,NA,NA,NA,0.03,0.07,NA,0,0.523314,0.15,0.2,0
2017-08-07,0.0407,NA,NA,NA,0.208333,0.0608739,0.103857,NA,NA,NA,NA,0.03,0.07,NA,0,0.542487,0.1,0.2,0
2017-08-08,0.0407,NA,0.18,NA,0.2,0.0981072,0.186636,NA,NA,NA,NA,0.03,0.07,NA,0,0.542487,0.1,0.05,0
2017-08-09,0.0407,NA,0.22,NA,0.2,0.187504,0.187504,NA,NA,NA,NA,0.03,0.07,NA,0,0.516573,0.05,0.05,0
2017-08-10,0.0407,NA,0.18,NA,0.2,0.123998,0.16822,NA,NA,NA,NA,0.03,0.07,NA,0,0.542487,0.05,0.05,0
2017-08-11,0.0407,NA,0.18,NA,0.2,0.1364,0.131324,NA,NA,NA,NA,0.03,0.07,NA,0,0.523314,0.05,0.05,0
2017-08-12,0.0407,NA,0.05,NA,0.2,0.194027,0.0773484,NA,NA,NA,NA,0.03,0.07,NA,0,0.616968,0.05,0.05,0
2017-08-13,0.0407,NA,0.05,NA,0.2,0.0262178,0.0448249,NA,NA,NA,NA,0.03,0.07,NA,0,NA,0.05,0.05,0
2017-08-14,0.0407,NA,0,NA,0.2,0.0223661,0.0327792,NA,NA,NA,NA,0.03,0.07,NA,1,NA,0.2,0.05,1
2017-08-15,0.0948,NA,0.14,NA,0.208333,0.695634,0.0914772,NA,NA,NA,NA,0.11,0.1,NA,1,NA,0.4,0.6,1
2017-08-16,0.7035,NA,0.47,NA,0.216667,0.630944,0.117374,NA,NA,NA,NA,0.72,0.79,NA,1,0.626968,0.4,0.6,0
2017-08-17,0.8647,NA,0.39,NA,0.208333,0.769436,0.140936,NA,NA,NA,NA,0.77,0.99,NA,1,0.626968,0.5,0.7,0
2017-08-18,1,NA,0.39,NA,0.2,0.651957,0.236772,NA,NA,NA,NA,0.98,0.98,NA,0,0.594314,0.45,0.7,1
2017-08-19,1,NA,0.39,NA,0.208333,0.693736,0.269609,NA,NA,NA,NA,0.98,0.98,NA,1,0.5684,0.6,0.65,1
2017-08-20,1,NA,0.47,NA,0.216667,0.306254,0.306254,NA,NA,NA,NA,0.98,0.98,NA,1,0.5684,0.7,0.85,1
2017-08-21,1,NA,0.53,NA,0.225,0.971726,0.340476,NA,NA,NA,NA,0.99,0.99,NA,1,0.542487,0.85,0.85,1
2017-08-22,1,NA,0.57,NA,0.233333,0.928881,0.324262,NA,NA,NA,NA,0.99,0.99,NA,1,0.9767,0.75,0.85,1
2017-08-23,0.919516,NA,0.51,NA,0.241667,0.355282,0.355282,NA,NA,NA,NA,0.86,0.97,NA,1,1,0.7,0.85,1
2017-08-24,0.8892,NA,0.7,NA,0.25,0.822322,0.329136,NA,NA,NA,NA,0.98,0.99,NA,1,0.977282,0.7,0.85,1
2017-08-25,0.8892,NA,0.73,NA,0.258333,0.846513,0.300635,NA,NA,NA,NA,0.97,0.99,NA,0,1,0.75,0.93,1
2017-08-26,0.8943,NA,0.38,NA,0.266667,0.683711,0.274009,NA,NA,NA,NA,0.88,0.95,NA,0,0.549227,0.75,0.94,0
2017-08-27,0.8871,NA,0.24,NA,0.266667,0.552542,0.274264,NA,NA,NA,NA,0.94,0.95,NA,0,0.542487,0.7,0.75,1
2017-08-28,0.3727,NA,0.12,NA,0.275,0.149675,0.107849,NA,NA,NA,NA,0.45,0.54,NA,0,0.516573,0.45,0.82,1
2017-08-29,0.2233,NA,0.1,NA,0.283333,0.400259,0.120714,NA,NA,NA,NA,0.25,0.19,NA,1,0.71,0.5,0.1,1
2017-08-30,0.694987,NA,0.3,NA,0.291667,0.853137,0.25819,NA,NA,NA,NA,0.69,0.75,NA,1,0.891149,0.45,0.79,1
2017-08-31,0.7557,NA,0.61,NA,0.3,0.91181,0.226317,NA,NA,NA,NA,0.69,0.82,NA,1,1,0.45,0.65,0
2017-09-01,0.8991,NA,0.49,NA,0.3,0.883781,0.301246,NA,NA,NA,NA,0.77,0.82,NA,0,1,0.6,0.7,1
2017-09-02,0.691968,NA,0.52,NA,0.308333,0.777562,0.419916,NA,NA,NA,NA,0.9,0.96,NA,1,1,0.8,0.55,1
2017-09-03,1,NA,0.68,NA,0.316667,0.834166,0.480179,NA,NA,NA,NA,0.27,0.71,NA,1,1,0.8,0.8,1
2017-09-04,0.9987,NA,0.817367,NA,0.325,0.954368,0.552897,NA,NA,NA,NA,0.18,0.75,NA,1,1,0.95,0.7,1
2017-09-05,1,NA,0.756936,NA,0.333333,1,0.679867,NA,NA,NA,NA,0.99,0.99,NA,1,1,0.99,0.95,1
2017-09-06,1,NA,0.890485,NA,0.341667,1,0.530389,NA,NA,NA,NA,0.97,0.99,NA,1,0.714787,0.99,0.95,1
2017-09-07,1,NA,0.780155,NA,0.35,1,0.662683,NA,NA,NA,NA,0.99,0.99,NA,1,0.744773,0.99,0.99,1
2017-09-08,1,NA,0.77,NA,0.358333,1,0.773034,NA,NA,NA,NA,0.99,0.99,NA,1,0.830821,0.99,0.99,1
2017-09-09,1,NA,0.73,NA,0.366667,1,0.535739,NA,NA,NA,NA,0.99,0.99,NA,1,0.685691,0.99,0.99,1
2017-09-10,1,NA,0.37,NA,0.375,0.877928,0.386315,NA,NA,NA,NA,0.99,0.99,NA,1,0.18,0.99,0.99,1
2017-09-11,0.831902,NA,0.12,NA,0.383333,0.43792,0.293524,NA,NA,NA,NA,0.9,0.89,NA,1,0.23,0.99,0.99,0
2017-09-12,0.1632,NA,0.05,NA,0.383333,0.328554,0.23564,NA,NA,NA,NA,0.07,0.14,NA,0,0.19,0.5,0.18,1
2017-09-13,0.0682,NA,0.1,NA,0.391667,0.0544373,0.221859,NA,NA,NA,NA,0.03,0.07,NA,0,0.19,0.25,0.25,0
2017-09-14,0.0407,NA,0.05,NA,0.391667,0.0464368,0.160982,NA,NA,NA,NA,0.03,0.07,NA,0,0.35,0.05,0.25,0
2017-09-15,0.0407,NA,0.05,NA,0.391667,0.119904,0.151407,NA,NA,NA,NA,0.03,0.07,NA,0,0.33,0.05,0.1,0
2017-09-16,0.0407,NA,0.1,NA,0.391667,0.262032,0.097518,NA,NA,NA,NA,0.03,0.07,NA,0,0.32,0.05,0.1,0
2017-09-17,0.0407,NA,0.05,NA,0.391667,0.121939,0.084224,NA,NA,NA,NA,0.03,0.07,NA,0,0.3,0.05,0.1,0
2017-09-18,0.0683,NA,0.05,NA,0.391667,0.0725392,0.0655182,NA,NA,NA,NA,0.05,0.1,NA,0,0.27,0.05,0.05,0
2017-09-19,0.0407,NA,0.05,NA,0.391667,0.0528068,0.0703141,NA,NA,NA,NA,0.07,0.07,NA,0,0.25,0.05,0.05,0
2017-09-20,0.0407,NA,0.05,NA,0.391667,0.0979907,0.0472812,NA,NA,NA,NA,0.03,0.07,NA,0,0.24,0.05,0.05,0
2017-09-21,0.0797,NA,0.1,NA,0.391667,0.0719614,0.0951425,NA,NA,NA,NA,0.09,0.15,NA,0,NA,0.1,0.3,0
2017-09-22,0.0797,NA,0.1,NA,0.391667,0.0320703,0.0759704,NA,NA,NA,NA,0.06,0.15,NA,0,0.19,0.15,0.2,0
2017-09-23,0.0797,NA,0.05,NA,0.391667,0.0530971,0.0709948,NA,NA,NA,NA,0.06,0.15,NA,0,0.19,0.55,0.5,0
2017-09-24,0.1374,NA,0.05,NA,0.391667,0.0341326,0.0962366,NA,NA,NA,NA,0.13,0.19,NA,1,0.19,0.55,0.5,0
2017-09-25,0.1366,NA,0.26,NA,0.391667,0.494075,0.137801,NA,NA,NA,NA,0.1,0.15,NA,0,0.193941,0.4,0.5,0
2017-09-26,0.4628,NA,0.42,NA,0.391667,0.356744,0.250695,NA,NA,NA,NA,0.42,0.48,NA,0,0.3838,0.3,0.1,1
2017-09-27,0.3236,NA,0.33,NA,0.391667,0.235152,0.235152,NA,NA,NA,NA,0.96,0.56,NA,1,NA,0.25,0.38,1
2017-09-28,0.4269,NA,0.26,NA,0.4,0.433186,0.283319,NA,NA,NA,NA,0.38,0.4,NA,0,NA,0.25,0.4,0
2017-09-29,0.3053,NA,0.41,NA,0.4,0.307248,0.290894,NA,NA,NA,NA,0.44,0.49,NA,0,0.494716,0.3,0.3,0
2017-09-30,0.3053,NA,0.3,NA,0.391667,0.307321,0.393911,NA,NA,NA,NA,0.36,0.49,NA,0,0.608318,0.3,0.4,0
2017-10-01,0.277,NA,0.26,NA,0.383333,0.330146,0.329251,NA,NA,NA,NA,0.31,0.46,NA,0,0.596578,0.3,0.35,0
2017-10-02,0.2286,NA,0.26,NA,0.375,0.25062,0.412901,NA,NA,NA,NA,0.24,0.33,NA,0,0.3759,0.25,0.35,0
2017-10-03,0.2286,NA,0.26,NA,0.366667,0.340581,0.320566,NA,NA,NA,NA,0.2,0.33,NA,0,0.361973,0.2,0.25,0
2017-10-04,0.3005,NA,0.3,NA,0.366667,0.466498,0.297718,NA,NA,NA,NA,0.55,0.47,NA,0,0.370688,0.2,0.2,0
2017-10-05,0.3005,NA,0.3,NA,0.358333,0.511202,0.225462,NA,NA,NA,NA,0.22,0.47,NA,0,0.385813,0.2,0.3,1
2017-10-06,0.3005,NA,0.26,NA,0.366667,0.470064,0.15903,NA,NA,NA,NA,0.22,0.47,NA,0,0.216595,0.2,0.3,0
2017-10-07,0.1959,NA,0.22,NA,0.358333,0.697077,0.106431,NA,NA,NA,NA,0.27,0.33,NA,0,NA,0.15,0.25,0
2017-10-08,0.0948,NA,0,NA,0.358333,0.200231,0.0792493,NA,NA,NA,NA,0.11,0.1,NA,0,NA,0.01,0.2,0
2017-10-09,NA,NA,0,NA,0.358333,0.0158983,0.0158983,NA,NA,NA,NA,-0.01,-0.01,NA,0,NA,0.01,0.15,0
2017-10-10,0,NA,0,NA,0.358333,0.00644301,0.034574,NA,NA,NA,NA,-0.01,-0.01,NA,0,NA,0.01,0.07,0
2017-10-11,0,NA,0,NA,0.358333,0.00644301,0.120714,NA,NA,NA,NA,-0.01,-0.01,NA,0,NA,0.01,0.05,0
2017-10-12,0,NA,0,NA,0.358333,0.00508436,0.120714,NA,NA,NA,NA,-0.01,-0.01,NA,0,NA,0.01,0.05,0
2017-10-13,0,NA,0,NA,0.358333,0.00458795,0.120714,NA,NA,NA,NA,-0.01,-0.01,NA,0,NA,0.01,0.05,0
2017-10-14,0,NA,0,NA,0.358333,0.0128445,0.120714,NA,NA,NA,NA,-0.01,-0.01,NA,0,NA,0.01,0.05,0
2017-10-15,0,NA,0,NA,0.358333,0.0128445,0.120714,NA,NA,NA,NA,-0.01,-0.01,NA,0,NA,0.01,0.05,0
2017-10-16,NA,NA,0,NA,0.358333,0.0171564,0.0511908,NA,NA,NA,NA,0.1,0.06,NA,0,0.1,0.01,0.06,0
2017-10-17,NA,NA,0,NA,0.358333,0.016293,0.0400546,NA,NA,NA,NA,-0.01,-0.01,NA,0,NA,0.01,0.05,0
2017-10-18,0,NA,0,NA,0.358333,0.0128445,0.0369308,NA,NA,NA,NA,-0.01,-0.01,NA,0,NA,0.01,0.05,0
2017-10-19,0,NA,0,NA,0.358333,0.00348549,0.0360307,NA,NA,NA,NA,-0.01,-0.01,NA,0,NA,0.01,0.35,0
2017-10-20,0,NA,0,NA,0.358333,0.00644301,0.0158983,NA,NA,NA,NA,-0.01,-0.01,NA,0,NA,0.05,0.25,1
2017-10-21,0,NA,0,NA,0.366667,0.0128445,0.0467561,NA,NA,NA,NA,-0.01,-0.01,NA,1,NA,0.45,0.25,0
2017-10-22,NA,NA,0.05,NA,0.366667,0.0399326,0.0507797,NA,NA,NA,NA,0.11,0.1,NA,0,NA,0.55,0.7,0
2017-10-23,0.0683,NA,0.05,NA,0.366667,0.150455,0.120714,NA,NA,NA,NA,0.07,0.1,NA,0,0.32,0.3,0.55,0
2017-10-24,0.1319,NA,0.1,NA,0.366667,0.0725435,0.132372,NA,NA,NA,NA,0.17,0.2,NA,0,0.33,0.3,0.4,0
2017-10-25,0.1062,NA,0.1,NA,0.366667,0.0772981,0.121144,NA,NA,NA,NA,0.13,0.18,NA,0,0.4832,0.2,0.25,0
2017-10-26,0.0797,NA,0.15,NA,0.366667,0.0603818,0.197988,NA,NA,NA,NA,0.1,0.15,NA,0,0.4533,0.15,0.2,0
2017-10-27,0.0682,NA,0.15,NA,0.366667,0.0719855,0.231948,NA,NA,NA,NA,0.08,0.14,NA,0,0.4096,0.15,0.15,0
2017-10-28,0.095,NA,0.15,NA,0.366667,0.110126,0.17555,NA,NA,NA,NA,0.32,0.17,NA,0,0.4168,0.1,0.15,0
2017-10-29,0.0566,NA,0.1,NA,0.366667,0.0890717,0.248729,NA,NA,NA,NA,0.05,0.13,NA,0,0.3686,0.1,0.15,0
2017-10-30,0.0525,NA,0.1,NA,0.366667,0.0651424,0.01,NA,NA,NA,NA,0.06,0.1,NA,0,0.3604,0.1,0.1,0
2017-10-31,0.0485,NA,0.05,NA,0.366667,0.17555,0.01,NA,NA,NA,NA,0.03,0.07,NA,0,0.3276,0.1,0.1,0
2017-11-01,0.0485,NA,0,NA,0.366667,0.0218561,0.115968,NA,NA,NA,NA,0.02,0.03,NA,0,0.17,0.05,0.1,0
2017-11-02,NA,NA,0,NA,0.358333,0.00644301,0.0925077,NA,NA,NA,NA,-0.01,-0.01,NA,0,NA,0.01,0.1,0
2017-11-03,0,NA,0,NA,0.35,0.00644301,0.0539766,NA,NA,NA,NA,-0.01,-0.01,NA,0,NA,0.01,0.2,0
2017-11-04,0,NA,0,NA,0.35,0.0359531,0.0359531,NA,NA,NA,NA,-0.01,-0.01,NA,0,NA,0.01,0.15,0
2017-11-05,0,NA,0,NA,0.35,0.0158983,0.0158983,NA,NA,NA,NA,-0.01,-0.01,NA,0,NA,0.01,0.01,0
2017-11-06,0,NA,0,NA,0.341667,0.0322794,0.0322794,NA,NA,NA,NA,-0.01,-0.01,NA,0,NA,0.01,0.01,0
2017-11-07,0,NA,0,NA,0.333333,0.0128445,0.01,NA,NA,NA,NA,-0.01,-0.01,NA,0,NA,0.01,0.01,0
2017-11-08,0,NA,0,NA,0.325,0.120714,0.01,NA,NA,NA,NA,-0.01,-0.01,NA,0,NA,0.01,0.01,0
2017-11-09,0,NA,0,NA,0.316667,0.00644301,0.01,NA,NA,NA,NA,-0.01,-0.01,NA,0,NA,0.01,0.01,0
2017-11-10,0,NA,0,NA,0.308333,0.00931797,0.01,NA,NA,NA,NA,-0.01,-0.01,NA,0,NA,0.01,0.01,0
2017-11-11,0,NA,0,NA,0.308333,0.0128445,0.01,NA,NA,NA,NA,-0.01,-0.01,NA,0,NA,0.01,0.01,0
2017-11-12,0,NA,0,NA,0.3,0.00644301,0.01,NA,NA,NA,NA,-0.01,-0.01,NA,0,NA,0.01,0.01,0
2017-11-13,0,NA,0,NA,0.291667,0.00527925,0.01,NA,NA,NA,NA,-0.01,-0.01,NA,0,NA,0.1,0.01,0
2017-11-14,0,NA,0,NA,0.283333,0.0469711,0.01,NA,NA,NA,NA,-0.01,-0.01,NA,0,NA,0.1,0.07,0
2017-11-15,NA,NA,0.05,NA,0.275,0.216474,0.0534288,NA,NA,NA,NA,0.23,0.24,NA,0,0.200681,0.15,0.07,0
2017-11-16,0.1361,NA,0.1,NA,0.266667,0.141694,0.0827786,NA,NA,NA,NA,0.2,0.24,NA,0,0.193941,0.15,0.07,0
2017-11-17,0.1361,NA,0.14,NA,0.258333,0.128273,0.0766774,NA,NA,NA,NA,0.2,0.24,NA,0,0.193941,0.15,0.06,0
2017-11-18,0.1058,NA,0.11,NA,0.25,0.0706542,0.112668,NA,NA,NA,NA,0.18,0.17,NA,0,0.4152,0.1,0.07,0
2017-11-19,NA,NA,0,NA,0.25,0.0250453,0.122992,NA,NA,NA,NA,0,0.06,NA,0,0.31,0.1,0.1,0
2017-11-20,NA,NA,0,NA,0.25,0.0157542,0.131043,NA,NA,NA,NA,-0.01,-0.01,NA,0,NA,0.01,0.05,0
2017-11-21,0,NA,0,NA,0.25,0.0247858,0.109805,NA,NA,NA,NA,-0.01,-0.01,NA,0,NA,0.01,0.09,0
2017-11-22,0,NA,0,NA,0.25,0.0251451,0.11062,NA,NA,NA,NA,-0.01,-0.01,NA,0,NA,0.01,0.05,0
2017-11-23,0,NA,0,NA,0.25,0.0398989,0.102946,NA,NA,NA,NA,-0.01,-0.01,NA,0,NA,0.01,0.05,0
2017-11-24,0,NA,0,NA,0.25,0.0394495,0.0502218,NA,NA,NA,NA,-0.01,-0.01,NA,0,NA,0.01,0.05,0
2017-11-25,0,NA,0.05,NA,0.25,0.0248755,0.0384077,NA,NA,NA,NA,-0.01,-0.01,NA,0,NA,0.01,0.05,0
2017-11-26,NA,NA,0.2,NA,0.25,0.139657,0.152655,NA,NA,NA,NA,0.19,0.19,NA,0,0.27,0.15,0.05,0
2017-11-27,0.1361,NA,0.1,NA,0.25,0.077281,0.144621,NA,NA,NA,NA,0.17,0.24,NA,0,0.22,0.2,0.05,0
2017-11-28,0.1009,NA,0.1,NA,0.25,0.0668612,0.0995712,NA,NA,NA,NA,0.13,0.19,NA,0,0.23,0.15,0.15,0
2017-11-29,0.1361,NA,0.05,NA,0.25,0.102432,0.0798896,NA,NA,NA,NA,0.17,0.24,NA,0,0.25,0.1,0.15,0
2017-11-30,0.0683,NA,0.05,NA,0.25,0.054687,0.0425279,NA,NA,NA,NA,0.09,0.1,NA,0,NA,0.1,0.1,0
2017-12-01,0.0287,NA,0,NA,0.241667,0.00384784,0.0352428,NA,NA,NA,NA,0,0.06,NA,0,NA,0.05,0.1,0
2017-12-02,NA,NA,0,NA,0.241667,0.0623643,0.0623643,NA,NA,NA,NA,-0.01,-0.01,NA,0,NA,0.01,0.05,0
2017-12-03,0,NA,0,NA,0.241667,0.00644301,0.0312124,NA,NA,NA,NA,-0.01,-0.01,NA,0,NA,0.01,0.01,0
2017-12-04,0,NA,0,NA,0.241667,0.00644301,0.01,NA,NA,NA,NA,-0.01,-0.01,NA,0,NA,0.01,0.01,0
2017-12-05,0,NA,0,NA,0.241667,0.00644301,0.01,NA,NA,NA,NA,-0.01,-0.01,NA,0,NA,0.01,0.01,0
2017-12-06,0,NA,0.05,NA,0.241667,0.01,0.01,NA,NA,NA,NA,-0.01,-0.01,NA,0,NA,0.01,0.01,0
2017-12-07,NA,NA,0,NA,0.241667,0.0143459,0.0377177,NA,NA,NA,NA,0.1,0.06,NA,0,0.07,0.01,0.1,0
2017-12-08,0.0245,NA,0,NA,0.241667,0.00336345,0.0378341,NA,NA,NA,NA,0.02,0.03,NA,0,NA,0.01,0.1,0
2017-12-09,NA,NA,0,NA,0.241667,0.0351893,0.0351893,NA,NA,NA,NA,-0.01,-0.01,NA,0,NA,0.01,0.01,0
2017-12-10,NA,NA,0,NA,0.241667,0.0623643,0.0342549,NA,NA,NA,NA,-0.01,-0.01,NA,0,NA,0.01,0.01,0
2017-12-11,NA,NA,0.05,NA,0.241667,0.00674045,0.068336,NA,NA,NA,NA,0.02,0.03,NA,0,0.12,0.05,0.01,0
2017-12-12,0.0403,NA,0.07,NA,0.241667,0.00415858,0.0637005,NA,NA,NA,NA,0.08,0.06,NA,0,0.1,0.05,0.15,0
2017-12-13,0.0403,NA,0,NA,0.241667,0.0342538,0.0709047,NA,NA,NA,NA,0.09,0.06,NA,0,0.08,0.01,0.15,0
2017-12-14,NA,NA,0,NA,0.233333,0.0649612,0.0406086,NA,NA,NA,NA,-0.01,-0.01,NA,0,NA,0.01,0.05,0
2017-12-15,0,NA,0,NA,0.225,0.0360382,0.0360382,NA,NA,NA,NA,-0.01,-0.01,NA,0,NA,0.01,0.05,0
2017-12-16,0,NA,0,NA,0.225,0.0128445,0.0346734,NA,NA,NA,NA,-0.01,-0.01,NA,0,NA,0.01,0.05,0
2017-12-17,0,NA,0,NA,0.225,0.0128445,0.0336132,NA,NA,NA,NA,-0.01,-0.01,NA,0,NA,0.01,0.05,0
2017-12-18,0,NA,0,NA,0.216667,0.0128445,0.0323352,NA,NA,NA,NA,-0.01,-0.01,NA,0,NA,0.01,0.05,0
2017-12-19,0,NA,0,NA,0.208333,0.00644301,0.0325456,NA,NA,NA,NA,-0.01,-0.01,NA,0,NA,0.01,0.05,0
2017-12-20,0,NA,0,NA,0.2,0.0673499,0.0319611,NA,NA,NA,NA,-0.01,-0.01,NA,0,NA,0.01,0.05,0
2017-12-21,NA,NA,0.24,NA,0.191667,0.156738,0.0756848,NA,NA,NA,NA,0.23,0.24,NA,0,0.34,0.05,0.1,0
2017-12-22,0.2532,NA,0.3,NA,0.183333,0.278861,0.0701305,NA,NA,NA,NA,0.41,0.4,NA,1,0.200681,0.05,0.2,0
2017-12-23,0.2532,NA,0.3,NA,0.175,0.232738,0.17563,NA,NA,NA,NA,0.29,0.4,NA,0,0.200681,0.15,0.25,0
2017-12-24,0.2532,NA,0.47,NA,0.166667,0.156795,0.203725,NA,NA,NA,NA,0.29,0.4,NA,0,0.200681,0.15,0.15,0
2017-12-25,0.5176,NA,0.39,NA,0.158333,0.0926501,0.204924,NA,NA,NA,NA,0.78,0.79,NA,0,0.193941,0.15,0.25,0
2017-12-26,0.3839,NA,0.24,NA,0.158333,0.0360081,0.170133,NA,NA,NA,NA,0.5,0.51,NA,0,0.19,0.05,0.15,0
2017-12-27,0.0718,NA,0.05,NA,0.15,0.0565314,0.0784231,NA,NA,NA,NA,0.18,0.14,NA,0,0.31,0.05,0.15,0
2017-12-28,0.0245,NA,0,NA,0.141667,0.0371471,0.0505296,NA,NA,NA,NA,0.03,0.03,NA,0,0.23,0.01,0.1,0
2017-12-29,NA,NA,0,NA,0.133333,0.0154799,0.0436643,NA,NA,NA,NA,-0.01,-0.01,NA,0,NA,0.01,0.1,0
2017-12-30,0,NA,0,NA,0.125,0.0216749,0.0386916,NA,NA,NA,NA,-0.01,-0.01,NA,0,NA,0.01,0.15,0
2017-12-31,0,NA,0,NA,0.125,0.00328495,0.0158983,NA,NA,NA,NA,-0.01,-0.01,NA,0,NA,0.01,0.15,0
