"VALID_DATE","AMOS","ASAP","ASSA","BOM","CLIM120","DAFFS","GDAFFS","MAG4VW","MAG4VWF","MAG4W","MAG4WF","MCEVOL","MCSTAT","MOSWOC","NICT","NJIT","NOAA","SIDC","rlz.M1"
2016-01-01,0.0199,0.030889,0.04,0.0168473,0.166667,0.0326519,0.077945,0.2,0.2,0,NA,0.03,0.03,0.2,0,0.329321,0.2,0.15,1
2016-01-02,0.0164,0.0284068,0.186277,0.034918,0.175,0.0215428,0.0686224,0.02,0.02,0,0,0,0.15,1,0,0.224284,0.2,0.1,0
2016-01-03,0.0322,0.0275644,0.05,0.0333473,0.175,0.0111179,0.0768695,0.008,0.007,0.02,0.01,0.01,0.08,0.3,0,0.486253,0.01,0.1,0
2016-01-04,0.1084,0.0275293,0.08,0.0301044,0.175,0.0295284,0.11771,0.01,0.009,0.01,0.01,0.11,0.21,0.15,0,0.487595,0.01,0.05,0
2016-01-05,0.0422,0.0505188,0.07,0.0095168,0.175,0.0295284,0.107858,0.007,0.005,0.007,0.006,0.09,0.1,0.1,0,0.491507,0.01,0.05,0
2016-01-06,0.0161,0.112449,0.02,0.00957984,0.175,0.0245233,0.102469,0.004,0.003,0.005,0.004,0,0.04,0.05,0,0.307752,0.01,0.05,0
2016-01-07,0.0271,0.028477,0.04,0.0160455,0.175,0.0514444,0.113849,0.06,0.05,0.002,0.002,0.04,0.07,0.1,0,0.290072,0.05,0.15,0
2016-01-08,0.0958,0.0407355,0.13,0.0608639,0.175,0.0371673,0.146391,0.02,0.02,0.05,0.04,0.16,0.16,0.1,0,0.657035,0.1,0.1,0
2016-01-09,0.0837,0.0904466,0.12,0.0499293,0.175,0.0394618,0.32904,0.03,0.03,0.05,0.04,0.11,0.18,0.15,0,0.608321,0.1,0.1,0
2016-01-10,0.0858,0.059293,0.15,0.0429521,0.175,0.0435376,0.320993,0.02,0.02,0.02,0.02,0.11,0.13,0.1,0,0.615797,0.05,0.1,0
2016-01-11,0.0872,0.0424364,0.09,0.0283646,0.175,0.0345079,0.244276,0.03,0.02,0.02,0.02,0.15,0.19,0.1,0,0.537971,0.05,0.05,0
2016-01-12,0.0855,0.027705,0.05,0,0.175,0.0303936,0.299809,0.004,0.004,0.01,0.008,0.08,0.17,0.05,0,0.593561,0.05,0.01,0
2016-01-13,0.0454,0.027705,0.04,0.0100092,0.175,0.0249582,0.233267,0.002,0.001,0.004,0.003,0.13,0.1,NA,0,0.34854,0.05,0.01,0
2016-01-14,0.0423,0.0282313,0.03,0,0.175,0.0245233,0.178277,NA,0.004,0.01,0.008,0.05,0.1,0.05,0,0.381531,0.05,0.01,0
2016-01-15,0.0302,0.050038,0.07,0.0157184,0.175,0.0240882,0.221912,0.03,0.02,0.02,0.02,0.03,0.07,0.05,0,0.567301,0.05,0.01,0
2016-01-16,0,0.028126,0.08,0.0129486,0.175,0.0377499,0.143593,0.03,0.03,0.02,0.01,0.03,0.12,0.05,0,0.614327,0.05,0.01,0
2016-01-17,0.0053,0.0284769,0.05,0.00934953,0.166667,0.0253929,0.0840799,0.007,0.006,0.02,0.01,0,0.07,0.05,0,0.15842,0.05,0.05,0
2016-01-18,0.0121,0.0279856,0.03,0.00771539,0.166667,0.0290956,0.0919124,0.003,0.002,1e-04,0,0.06,0.1,0.05,0,0.177593,0.01,0.01,0
2016-01-19,0.0066,0.0140483,0.02,NA,0.166667,0.0249582,0.0655315,0.02,0.02,0.004,0.003,0.02,0.1,0.05,0,0.299772,0.01,0.01,0
2016-01-20,0.0226,0.0140128,0.07,0.034918,0.158333,0.0290956,0.102987,0.05,0.04,0.005,0.004,0.04,0.07,0.05,0,NA,0.05,0.01,0
2016-01-21,0.0399,0.0507423,0.11,0.0375758,0.158333,0.19756,0.19756,0.06,0.05,0.03,0.02,0.19,0.17,0.07,0,0.588147,0.05,0.05,0
2016-01-22,0.1634,0.0279505,0.12,0.0356572,0.158333,0.0311788,0.22122,0.03,0.03,0.03,0.02,0.25,0.34,0.1,0,0.60721,0.1,0.05,0
2016-01-23,0.1158,0.0278457,0.09,0.0269078,0.158333,0.0199295,0.183662,0.007,0.006,0.02,0.01,0.16,0.25,0.1,0,0.537179,0.1,0.05,0
2016-01-24,0.1037,0.0443962,0.08,0.0263799,0.158333,0.0236529,0.155633,0.01,0.01,0.02,0.02,0.12,0.2,0.05,0,0.526611,0.05,0.05,0
2016-01-25,0.0886,0.0278457,0.253855,0.0307726,0.158333,0.0553571,0.176928,0.03,0.03,0.02,0.02,0.14,0.19,0.05,0,0.410395,0.1,0.05,0
2016-01-26,0.1069,0.053659,0.08,0.0488929,0.158333,0.0276893,0.234815,0.09,0.07,0.03,0.03,0.15,0.27,0.2,0,0.592304,0.1,0.15,0
2016-01-27,0.0703,0.0528274,0.12,0.0673003,0.15,0.019055,0.250761,0.1,0.1,0.07,0.06,0.17,0.16,0.1,0,0.694957,0.1,0.12,0
2016-01-28,0.263764,0.122073,0.15,0.0836738,0.141667,0.0404678,0.325529,0.2,0.1,0.1,0.09,0.36,0.36,0.15,0,0.780223,0.2,0.1,0
2016-01-29,0.102322,0.0269668,0.25,0.0424989,0.133333,0.0975967,0.191831,0.1,0.09,0.05,0.04,0.21,0.32,0.2,0,0.540556,0.25,0.3,0
2016-01-30,0.0675,0.0284419,0.09,0.0160071,0.125,0.0162131,0.119982,0.02,0.01,0.01,0.008,0.06,0.28,0.15,0,0.360542,0.2,0.25,0
2016-01-31,0.0271,0.0385,0.05,0.0323822,0.116667,0.0148748,0.169146,0.006,0.005,0.009,0.007,0.04,0.16,0.1,0,0.25263,0.05,0.15,0
2016-02-01,0.0381,0.0275644,0.09,0.0144676,0.108333,0.0194923,0.181686,0.002,0.002,0.008,0.007,0.01,0.04,0.05,0,0.437789,0.01,0.08,0
2016-02-02,0.037,0.0140483,0.09,0.0147981,0.108333,0.0245233,0.117338,0.009,0.008,0.02,0.02,0.12,0.13,0.05,0,0.603393,0.01,0.02,0
2016-02-03,0.0704,0.0701837,0.1,0.0285451,0.1,0.0249582,0.109698,0.05,0.04,0.02,0.02,0.13,0.17,0.05,0,0.797778,0.01,0.02,0
2016-02-04,0.0918,0.153031,0.22,0.105136,0.1,0.0467463,0.227564,0.05,0.04,0.06,0.05,0.33,0.31,0.15,0,0.714109,0.05,0.07,0
2016-02-05,0.2502,0.0565592,0.305783,0.0767986,0.1,0.116943,0.283912,0.06,0.05,0.06,0.05,0.42,0.44,0.23,0,0.67129,0.15,0.2,0
2016-02-06,0.1339,0.0280909,0.07,0.0370456,0.1,0.0639969,0.223909,0.03,0.02,0.007,0.005,0.22,0.33,0.2,0,0.870007,0.1,0.25,0
2016-02-07,0.1884,0.0558369,0.318205,0.0707098,0.1,0.0597214,0.326031,0.1,0.08,0.05,0.04,0.24,0.42,0.15,0,0.842514,0.15,0.15,0
2016-02-08,0.276717,0.084056,0.318205,0.0719023,0.1,0.0571305,0.380231,0.2,0.1,0.07,0.05,0.36,0.54,0.15,0,0.767182,0.15,0.2,0
2016-02-09,0.1991,0.07232,0.19,0.0876124,0.1,0.0404059,0.29139,0.1,0.1,0.07,0.06,0.25,0.31,0.2,0,0.780266,0.1,0.15,0
2016-02-10,0.1724,0.071141,0.22,0.119159,0.1,0.0299611,0.284303,0.08,0.06,0.09,0.07,0.35,0.29,0.15,0,0.823314,0.05,0.12,0
2016-02-11,0.221891,0.0204,0.21,0.0416609,0.1,0.0907519,0.270367,0.05,0.04,0.05,0.04,0.65,0.46,0.1,0,0.634207,0.05,0.13,0
2016-02-12,0.217602,0.0642,NA,0.0467761,0.1,0.0719463,0.268295,0.05,0.04,0.07,0.05,0.29,0.45,0.1,0,0.944193,0.35,0.08,1
2016-02-13,0.204915,0.252,0.17,0.379469,0.108333,0.124773,0.226873,0.2,0.2,0.2,0.1,0.28,0.42,0.2,0,0.389524,0.35,0.61,1
2016-02-14,0.209296,0.0333,0.242241,0.401848,0.108333,0.257925,0.363248,0.6,0.6,0.3,0.5,0.28,0.4,0.3,1,0.377148,0.35,0.51,1
2016-02-15,0.198709,0.0665594,0.07,0.381694,0.108333,0.241512,0.311237,0,0,0.3,0.5,0.29,0.42,0.3,1,0.395478,0.35,0.55,1
2016-02-16,0.196975,0.0321587,0.02,0.0186415,0.108333,0.471012,0.182427,NA,NA,0.1,0.3,0.28,0.42,0.3,1,0.902746,0.4,0.6,0
2016-02-17,0.201447,0.0283717,0.06,0.034918,0.108333,0.0780534,0.13599,NA,NA,0.01,0.01,0.29,0.42,0.3,1,0.32584,0.3,0.55,0
2016-02-18,0.203181,0.0386,0.02,0.0118978,0.108333,0.160629,0.142283,NA,NA,0.004,0.004,0.3,0.43,NA,0,0.365731,0.3,0.5,0
2016-02-19,0.0912403,0.0284068,0.06,0,0.108333,0.0237743,0.126142,NA,NA,0.002,0.002,0.01,0.04,0.05,0,0.341794,0.05,0.45,0
2016-02-20,0.0269,0.0421244,0.04,0.0386109,0.108333,0.0216761,0.171066,NA,NA,0.003,0.002,0.01,0.05,0.1,0,0.374314,0.05,0.15,0
2016-02-21,0.1394,0.0872951,0.09,0.0332247,0.108333,0.0290956,0.316189,NA,NA,0.03,0.03,0.16,0.21,0.1,0,0.495426,0.1,0.2,0
2016-02-22,0.1057,0.0441183,0.18,0.0214604,0.108333,0.0245233,0.281457,NA,NA,0.02,0.02,0.4,0.28,0.1,0,0.476752,0.1,0.1,0
2016-02-23,0.0958,0.0443495,0.01,0.019402,0.108333,0.0253929,0.283705,NA,NA,0.02,0.01,0,0.27,0.05,0,0.468515,0.05,0.05,0
2016-02-24,0.0908,0.042575,0.03,0.0112884,0.108333,0.180513,0.180513,NA,NA,9e-04,7e-04,0,0.27,NA,0,0.16842,0.05,0.01,0
2016-02-25,0.0958,0.0279154,0.03,0.0113839,0.108333,0.024253,0.110032,NA,NA,0.01,0.008,0.01,0.28,0.05,0,0.475395,0.01,0.02,0
2016-02-26,0.496091,0.056111,0.07,0.0251673,0.108333,0.0194923,0.0863086,NA,NA,0.01,0.01,0.03,0.05,0.05,0,0.177593,0.01,0.01,0
2016-02-27,0.0141,0.109583,0.06,0.0299295,0.108333,0.0243505,0.0940918,NA,NA,0.01,0.01,0.04,0.05,0.05,0,0.586605,0.05,0.02,0
2016-02-28,0.0919,0.121957,0.07,0.0146735,0.108333,0.0501953,0.107364,NA,NA,0.03,0.03,0.11,0.18,0.1,0,0.233457,0.05,0.02,0
2016-02-29,0.0938,0.18037,0.13,0.0281722,0.108333,0.019055,0.0886635,NA,NA,0.007,0.006,0.11,0.18,0.1,0,0.227186,0.05,0.01,0
2016-03-01,0.0917,0.131494,0.05,0.0197871,0.1,0.019055,0.123894,7e-04,6e-04,5e-04,4e-04,0.11,0.19,0.1,0,0.297973,0.05,0.01,0
2016-03-02,0.0284,0.155406,0.07,0.0339991,0.1,0.0332154,0.106129,5e-04,4e-04,0.005,0.004,0.12,0.09,0.1,0,0.354082,0.05,0.01,0
2016-03-03,0.0354,0.124793,0.1,0.0189474,0.1,0.0299611,0.146086,0.02,0.01,0.01,0.01,0.03,0.1,0.05,0,0.663405,0.05,0.01,0
2016-03-04,0.0161,0.168555,0.11,0.0220549,0.1,0.0290956,0.158809,0.03,0.02,0.02,0.01,0.02,0.08,0.05,0,0.67268,0.01,0.01,0
2016-03-05,0.0372,0.177797,0.12,0.0316681,0.0916667,0.0343815,0.219638,0.02,0.01,0.02,0.01,0.05,0.13,0.05,0,0.579478,0.05,0.01,0
2016-03-06,0.0637,0.109703,0.06,0,0.0916667,0.0295284,0.175823,0.004,0.003,0.004,0.003,0.04,0.12,0.05,0,0.566425,0.01,0.01,0
2016-03-07,0.0636,0.108147,0.08,0.0189399,0.0916667,0.0199295,0.287448,0.01,0.009,0.009,0.007,0.07,0.11,0.05,0,0.660276,0.01,0.01,0
2016-03-08,0.0333,0.0429931,0.03,0.0115378,0.0916667,0.0199295,0.242767,0.01,0.01,0.003,0.002,0.03,0.08,0.05,0,0.611795,0.01,0.1,0
2016-03-09,0.0206,0.0783536,0.1,0,0.0916667,0.016713,0.244844,0.006,0.005,0.006,0.004,0.04,0.07,0.05,0,0.453378,0.01,0.05,0
2016-03-10,0.046,0.13267,0.08,0.0146503,0.0833333,0.0236529,0.198744,0.007,0.005,0.003,0.003,0.06,0.14,0.1,0,0.469221,0.01,0.1,0
2016-03-11,0.0269,0.0454512,0.03,0.00995923,0.0833333,0.0282293,0.170977,0.007,0.006,0.006,0.005,0.06,0.11,0.1,0,0.471738,0.01,0.15,0
2016-03-12,0.028,0.0712072,0.03,0.0262697,0.0833333,0.0332154,0.124351,0.02,0.02,0.02,0.01,0.02,0.07,0.05,0,0.465289,0.01,0.05,0
2016-03-13,0.0439,0.069425,0.07,0.0231813,0.0833333,0.0185228,0.168503,0.02,0.01,0.01,0.01,0.04,0.1,0.05,0,0.514627,0.05,0.05,0
2016-03-14,0.0475,0.045211,0.04,0.0117315,0.0833333,0.0148748,0.130763,0.002,0.001,0.003,0.002,0.08,0.12,0.05,0,0.437314,0.05,0.05,0
2016-03-15,0.0527,0.0844849,0.07,0.0227088,0.0833333,0.0186175,0.19595,0.004,0.004,0.02,0.01,0.08,0.15,0.05,0,0.572501,0.01,0.1,0
2016-03-16,0.1037,0.0495921,0.09,0.0404439,0.0833333,0.0194311,0.159196,0.007,0.006,0.004,0.003,0.17,0.22,0,0,0.333038,0.01,0.1,0
2016-03-17,0.0515,0.0719564,0.11,0.0267367,0.0833333,0.0236529,0.157266,0.02,0.01,0.008,0.007,0.14,0.12,0.05,0,0.39777,0.05,0.1,0
2016-03-18,0.1584,0.099683,0.18,0.034918,0.0833333,0.0286625,0.160397,0.03,0.02,0.03,0.02,0.39,0.18,0.1,0,0.697034,0.05,0.05,0
2016-03-19,0.0745,0.0866219,0.03,0.0498307,0.0833333,0.015314,0.197915,0.01,0.01,0.05,0.04,0.1,0.16,0.05,0,0.485575,0.05,0.05,0
2016-03-20,0,0.06931,0.03,0.0507858,0.0833333,0.0240882,0.165119,0.01,0.01,0.03,0.03,0.22,0.17,0.05,0,0.657131,0.05,0.05,0
2016-03-21,0.0132,0.0434075,0.03,0.0185618,0.0833333,0.0111179,0.166514,0.01,0.01,0.02,0.02,0,0.14,0.05,0,0.25263,0.05,0.05,0
2016-03-22,0.0132,0.0211,0.02,0.0146648,0.0833333,0.00935247,0.101548,0.002,0.001,0.001,0.001,0.04,0.14,0.05,0,0.25263,0.05,0.15,0
2016-03-23,0.0132,0.0276699,0.05,0,0.0833333,0.00601785,0.134919,0.001,9e-04,0.001,0.001,0.04,0.11,0.05,0,0.271802,0.01,0.05,0
2016-03-24,0.0132,0.028512,0.02,0.0141109,0.0833333,0.0151909,0.071821,NA,NA,0.003,0.003,0.04,0.11,0.05,0,0.121728,0.01,0.05,0
2016-03-25,0.029,0.0426789,0.07,0.0125234,0.0833333,0.0111179,0.11722,0.01,0.008,0.007,0.005,0.04,0.14,0,0,0.233457,0.01,0.05,0
2016-03-26,0.0132,0.0275996,0.06,0.0631301,0.0833333,0.0106769,0.168098,0.03,0.02,0.03,0.02,0.04,0.14,0.05,0,0.511147,0.01,0.05,0
2016-03-27,0,0.0283365,0.07,0.0573686,0.0833333,0.0148748,0.105963,0.02,0.02,0.03,0.02,0.01,0.05,0,0,0.752217,0.01,0.05,0
2016-03-28,0,0.0299142,0.0743494,0.034918,0.0833333,0.0144354,0.12726,0.01,0.008,0.01,0.01,0,0.05,0,0,0.290975,0.01,0.01,0
2016-03-29,0,0.0141193,0.01,0.0111175,0.0833333,0.0102356,0.10147,0.007,0.005,0.02,0.01,0,0.05,0,0,0.290975,0.01,0.01,0
2016-03-30,0.0109,0.0149716,0.0651566,0,0.0833333,0.00468722,0.102703,0,0,5e-04,4e-04,0,0.03,0,0,0.290975,0.01,0.01,0
2016-03-31,0,0.0140128,0.04,0,0.0833333,0.0055745,0.084881,4e-04,4e-04,0.001,0.001,0,0.03,0,0,0.271802,0.01,0.01,0
2016-04-01,0,0.0141193,0.04,0,0.0833333,0.0106769,0.0848846,0.001,9e-04,0.004,0.003,0,0.03,0,0,NA,0.01,0.01,0
2016-04-02,0,0.0140483,0.0651566,0,0.0833333,0.0870167,0.0870167,0.001,8e-04,0.003,0.003,0,0.03,0,0,0.271802,0.01,0.01,0
2016-04-03,0,0.0140483,0.04,0,0.0833333,0.0249582,0.0715031,0.006,0.004,0.006,0.005,0,0.03,0,0,0.271802,0.01,0.01,0
2016-04-04,0.0087,0.0276348,0.07,0.0337188,0.0833333,0.015753,0.063568,0.004,0.003,0.009,0.007,0.01,0.04,0,0,0.453334,0.01,0.01,0
2016-04-05,0.0087,0.0275644,0.03,0.034918,0.0833333,0.015314,0.0493114,8e-04,6e-04,5e-04,4e-04,0.01,0.04,0,0,0.140074,0.01,0.01,0
2016-04-06,0.0053,0.0201,0.04,0.0171034,0.0833333,0.0166305,0.0460919,NA,NA,0.003,0.003,0.01,0.04,NA,0,0.186765,0.01,0.02,0
2016-04-07,0.0023,0.0140128,0.02,0,0.0833333,0.006461,0.0655235,0.01,0.009,0.003,0.003,0,0.05,0.05,0,0.195938,0.01,0.01,0
2016-04-08,0.0829277,0.0284068,0.07,0.034918,0.0833333,0.012776,0.0512675,0.004,0.003,0.001,8e-04,0.2,0.13,0.05,0,0.16842,0.1,0.01,0
2016-04-09,0.0055,0.0152912,0.0743494,0.034918,0.0833333,0.0115588,0.0749304,0.04,0.03,0.03,0.02,0.12,0.07,0.1,0,0.731951,0.1,0.01,0
2016-04-10,0.3609,0.0152202,0.06,0.277574,0.0833333,0.0538126,0.0186217,0.3,0.2,0.09,0.08,0.3,0.46,0.2,0,0.501877,0.1,0.1,0
2016-04-11,0.1314,0.0151847,NA,0.202343,0.0833333,0.0411718,0.0327956,0.1,0.1,0.1,0.09,0.63,0.46,0.3,0,0.348494,0.1,0.2,0
2016-04-12,0.1381,0.0294588,0.07,0.0564021,0.0833333,0.0586174,0.0450084,0.1,0.1,0.1,0.1,0.3,0.47,0.2,0,0.395478,0.1,0.1,0
2016-04-13,0.0053,0.0294587,0.0835422,0.0533851,0.0833333,0.037099,0.0269725,0.08,0.06,0.08,0.07,0.01,0.16,0.2,0,0.395478,0.1,0.1,0
2016-04-14,0.0349,0.0292835,0.0835422,0.0579904,0.0833333,0.0203664,0.0532115,0.09,0.07,0.09,0.07,0.2,0.24,0.05,0,0.555566,0.1,0.1,0
2016-04-15,0.1342,0.0152202,0.07,0.0380469,0.0833333,0.0712309,0.0366676,0.1,0.1,0.2,0.2,0.39,0.46,0.1,0,0.551009,0.15,0.1,0
2016-04-16,0.1342,0.0166,0.167892,0.0880891,0.0833333,0.0608458,0.0414239,0.2,0.2,0.2,0.2,0.29,0.46,0.2,0,0.378799,0.15,0.1,0
2016-04-17,0.153,0.0624822,0.07,0.0589204,0.0833333,0.0640579,0.0535398,0.3,0.2,0.09,0.08,0.31,0.47,0.2,0,0.511914,0.15,0.15,0
2016-04-18,0.1502,0.0866283,0.06,0.275259,0.0833333,0.0619103,0.0386758,0.2,0.2,0.09,0.07,0.3,0.47,0.2,1,0.602769,0.15,0.25,1
2016-04-19,0.0613031,0.050252,0.186277,0.00924249,0.0916667,0.542281,0.0448479,0.5,0.6,0.02,0.1,0.13,0.15,0.1,0,0.177593,0.15,0.25,0
2016-04-20,0.0719,0.0144389,0.04,0,0.0916667,0.0106769,0.0559771,0.06,0.2,8e-04,6e-04,0.09,0.15,0.1,0,0.149247,0.15,0.1,0
2016-04-21,0.0780051,0.0506175,0.02,0.034918,0.0833333,0.0837748,0.0837748,0.007,0.005,0.005,0.004,0.03,0.05,0.1,0,0.149247,0.01,0.05,0
2016-04-22,0.0053,0.014723,0.02,0.0194519,0.075,0.0148748,0.106037,4e-04,3e-04,0.008,0.006,0.04,0.04,0,0,0.308486,0.01,0.01,0
2016-04-23,0.0032,0.0387,0.01,0,0.0666667,0.0144354,0.138483,0.002,0.001,0.005,0.004,0,0.03,0,0,0.276046,0.01,0.01,0
2016-04-24,0.0032,0.0276348,0.02,0.0134975,0.0583333,0.117584,0.117584,0.002,0.002,0.005,0.004,0,0.03,0.05,0,0.195938,0.01,0.01,0
2016-04-25,0.0282,0.0418127,0.07,0.014743,0.0583333,0.140573,0.140573,0.001,8e-04,0.001,0.001,0.03,0.08,0,0,0.389428,0.01,0.01,0
2016-04-26,0.012,0.028512,0.04,0.0105831,0.0583333,0.0232174,0.140068,0.09,0.07,0.001,8e-04,0.03,0.07,0,0,0.524049,0.01,0.05,0
2016-04-27,0.0453,0.0857117,0.11,0.0401188,0.0583333,0.179898,0.179898,0.2,0.2,0.02,0.02,0.1,0.15,0,0,0.607856,0.01,0.05,0
2016-04-28,0.0724,0.162552,0.14,0.0281445,0.05,0.0373177,0.223788,0.06,0.05,0.03,0.02,0.23,0.2,0.05,0,0.726776,0.01,0.03,0
2016-04-29,0.1885,0.190908,0.11,0.03719,0.05,0.0449803,0.220996,0.3,0.2,0.03,0.02,0.31,0.38,0.05,0,0.557488,0.01,0.1,0
2016-04-30,0.1434,0.143331,0.09,0.0111836,0.05,0.249485,0.249485,0.06,0.05,0.02,0.01,0.25,0.31,0.05,0,0.700556,0.01,0.05,0
2016-05-01,0.1289,0.167736,0.15,0.069375,0.05,0.179635,0.179635,0.04,0.03,0.03,0.02,0.15,0.27,0.05,0,1,0.01,0.03,0
2016-05-02,0.1897,0.141078,0.1,0.0461476,0.0416667,0.0477459,0.160501,0.03,0.02,0.01,0.01,0.13,0.45,0.1,0,0.593952,0.05,0.05,0
2016-05-03,0.1657,0.130306,0.11,0.0368741,0.0416667,0.153835,0.153835,0.09,0.08,0.01,0.01,0.33,0.37,0.1,0,0.709125,0.05,0.01,0
2016-05-04,0.1078,0.0909723,0.08,0.0268406,0.0416667,0.0282293,0.140304,0.08,0.07,0.02,0.01,0.25,0.23,0.15,0,0.637989,0.05,0.01,0
2016-05-05,0.1677,0.190118,0.1,0.0309827,0.0416667,0.0255231,0.135781,0.1,0.08,0.01,0.009,0.15,0.21,0.05,0,0.518683,0.05,0.01,0
2016-05-06,0.0147426,0.160604,0.09,0.0101612,0.0416667,0.0246282,0.113224,0.06,0.05,0.02,0.02,0.03,0.12,0.05,0,0.534976,0.01,0.01,0
2016-05-07,0.0141,0.11184,0.05,0.0156099,0.0416667,0.0199295,0.117391,0.02,0.02,0.02,0.01,0.01,0.12,0.03,0,0.530583,0.01,0.01,0
2016-05-08,0.0119,0.0606001,0.06,0.0138026,0.0416667,0.0231238,0.124986,0.005,0.004,0.005,0.004,0.01,0.07,0.05,0,0.511695,0.01,0.01,0
2016-05-09,0.0333,0.0502492,0.03,0.0269538,0.0416667,0.0236529,0.177726,0.006,0.005,0.005,0.004,0.04,0.04,0,0,0.511846,0.01,0.01,0
2016-05-10,0.1097,0.105635,0.08,0.0396093,0.0416667,0.0277958,0.208964,0.04,0.03,0.05,0.04,0.24,0.25,0,0,0.712579,0.05,0.02,0
2016-05-11,0.0746,0.0946367,0.13,0.0449739,0.0416667,0.0232174,0.19458,0.02,0.01,0.03,0.03,0.14,0.17,0,0,0.66731,0.05,0.03,0
2016-05-12,0.1934,0.304616,0.14,0.0667086,0.0416667,0.232242,0.232242,0.1,0.09,0.06,0.05,0.15,0.31,0,0,0.684943,0.05,0.01,0
2016-05-13,0.1816,0.141056,0.11,0.0791355,0.0416667,0.210459,0.210459,0.1,0.1,0.05,0.04,0.21,0.39,0.05,0,0.650942,0.05,0.03,0
2016-05-14,0.1433,0.105796,0.15,0.0555434,0.0416667,0.140396,0.140396,0.2,0.2,0.04,0.03,0.45,0.34,0.05,0,0.67129,0.05,0.03,0
2016-05-15,0.1996,0.244103,0.19,0.0401024,0.0416667,0.0689865,0.308812,0.4,0.3,0.05,0.04,0.24,0.4,0.15,0,0.89826,0.15,0.07,0
2016-05-16,0.2725,0.216064,0.14,0.154523,0.0416667,0.0515337,0.203157,0.7,0.7,0.2,0.1,0.25,0.36,0.15,0,0.579267,0.1,0.08,0
2016-05-17,0.1342,0.15652,0.101928,0.0702017,0.0416667,0.0378178,0.179831,0.3,0.3,0.05,0.04,0.19,0.29,0.15,0,0.562428,0.05,0.34,0
2016-05-18,0.0269,0.176712,0.08,0.0552793,0.0416667,0.0194923,0.182385,0.08,0.07,0.06,0.05,0,0.08,0.05,0,0.567782,0.01,0.14,0
2016-05-19,0.0109,0.16841,0.1,0.114451,0.0416667,0.0236529,0.0708477,0.08,0.07,0.05,0.04,0.09,0.08,0,0,0.577733,0.01,0.05,0
2016-05-20,0.0055,0.12999,0.11112,0.0222967,0.0416667,0.0236529,0.157013,0.08,0.06,0.04,0.03,0.1,0.09,NA,0,0.367348,0.01,0.02,0
2016-05-21,0.0055,0.148,0.0651566,0.0527264,0.0416667,0.0194923,0.0842778,0.02,0.02,0.05,0.04,0.09,0.08,0.02,0,0.43214,0.01,0.02,0
2016-05-22,0.0055,0.083,0.0651566,0.0780614,0.0416667,0.0544821,0.118567,0.03,0.03,0.07,0.05,0.08,0.05,0.05,0,0.425185,0.01,0.02,0
2016-05-23,0,0.0163,0.0651566,0.0336064,0.0416667,0.0055745,0.144467,0.07,0.06,0.08,0.07,0.08,0.05,0,0,0.425185,0.01,0.06,0
2016-05-24,0,0.0960425,0.0651566,0,0.0416667,0.0725589,0.0725589,0.06,0.05,0.06,0.05,0,0.08,0,0,0.425185,0.01,0.01,0
2016-05-25,0.0055,0.185994,0.1,0.134879,0.0416667,0.0616459,0.0912915,0.2,0.2,0.07,0.06,0.06,0.09,0.02,0,0.731302,0.01,0.01,0
2016-05-26,0.0317,0.20355,0.08,0.0204133,0.0416667,0.0892914,0.0892914,0.1,0.1,0.02,0.02,0.16,0.14,0.02,0,0.186765,0.01,0.01,0
2016-05-27,0.0199,0.0333,0.04,0.0299808,0.0416667,0.0403332,0.0164065,0.02,0.02,0.02,0.02,0.1,0.15,0.02,0,0.261802,0.01,0.05,0
2016-05-28,0.0282,0.0419863,0.03,0.0185572,0.0416667,0.015314,0.0502162,0.04,0.03,0.01,0.01,0.22,0.12,0.02,0,0.25263,0.01,0.01,0
2016-05-29,0.0109,0.0807356,0.04,0.0112161,0.0416667,0.0328309,0.0328309,0.02,0.02,0.01,0.009,0,0.08,0.02,0,0.518121,0.01,0.01,0
2016-05-30,0.0053,0.0847474,0.01,0.034918,0.0416667,0.0199295,0.0318925,0.003,0.002,NA,NA,0,0.04,0,0,0.121728,0.01,0.01,0
2016-05-31,0.0161,0.0646644,0.05,0.0152036,0.0416667,0.0305084,0.0559648,0,0,0,0,0.04,0.07,0,0,0.36695,0.01,0.1,0
2016-06-01,0.0283,0.0850408,0.03,0.0360445,0.0416667,0.0166305,0.151339,0.04,0.03,0.02,0.02,0.07,0.1,0,0,0.444141,0.01,0.1,0
2016-06-02,0.0195,0.0454179,0.01,0.012174,0.0416667,0.0303936,0.0647071,0.2,0.1,5e-04,4e-04,0.01,0.04,0,0,0.215111,0.01,0.03,0
2016-06-03,0.0163,0.0439025,0,0,0.0416667,0.0332154,0.0472114,NA,NA,0,0,0.01,0.04,0,0,NA,0.01,0.01,0
2016-06-04,NA,0.0287224,0,0,0.0416667,0.0208032,0.0409166,0,0,0,0,-0.01,-0.01,0,0,NA,0.01,0.01,0
2016-06-05,0,0.0135512,0,0,0.0416667,0.0212397,0.0290096,0,0,0,0,-0.01,-0.01,0,0,NA,0.01,0.01,0
2016-06-06,0,0.066617,0,0,0.0416667,0.0212397,0.0126782,0,0,0,0,-0.01,-0.01,0,0,NA,0.01,0.01,0
2016-06-07,0,0.0144389,0,0,0.0416667,0.0190673,0.0190673,0,0,0,0,-0.01,-0.01,0,0,NA,0.01,0.01,0
2016-06-08,NA,0.0144389,0.01,0,0.0416667,0.0199295,0.0165864,0,0,0,0,0,0.01,0,0,NA,0.01,0.01,0
2016-06-09,0.0053,0.0202,0.02,0.0155416,0.0416667,0.0106769,0.0674617,0.005,0.004,0.003,0.003,0.01,0.02,0,0,NA,0.05,0.01,0
2016-06-10,0.262404,0.0201,0.167892,0.0723599,0.0416667,0.121436,0.121436,0.07,0.06,0.02,0.02,0.28,0.25,0.05,0,NA,0.05,0.05,0
2016-06-11,0.0984,0.032743,0.204663,0.0550313,0.0416667,0.019055,0.165574,0.2,0.2,0.03,0.02,0,0.2,0.05,0,NA,0.05,0.05,0
2016-06-12,0.0801,0.0412228,0.1,0.0801677,0.0416667,0.0680208,0.182441,0.1,0.1,0.03,0.02,0.07,0.2,0.2,0,NA,0.01,0.05,0
2016-06-13,0.0527,0.0329388,0.07,0.0201784,0.0333333,0.0290956,0.151547,0.1,0.1,0.05,0.04,0.08,0.17,0.05,0,NA,0.01,0.15,0
2016-06-14,0.0527,0.0280558,0.06,0.0193503,0.025,0.0327842,0.226036,0.03,0.03,0.04,0.03,0.1,0.14,0.05,0,NA,0.01,0.01,0
2016-06-15,0.0199,0.028477,0.08,0.0116216,0.0166667,0.0295284,0.144064,0.02,0.02,0.02,0.01,0.1,0.15,0.05,0,NA,0.01,0.02,0
2016-06-16,0,0.0140483,0.0835422,0.0255817,0.00833333,0.0327842,0.111105,0.01,0.008,0.01,0.01,0.06,0.11,0.05,0,NA,0.01,0.02,0
2016-06-17,0.0217,0.0280207,0.1,0.0461711,0.00833333,0.0112071,0.0112071,0.02,0.02,0.01,0.01,0.08,0.11,0.05,0,NA,0.01,0.01,0
2016-06-18,0.0217,0.0284068,0.07,0.034918,0.00833333,0.0340772,0.14584,0.07,0.06,0.007,0.005,0.09,0.13,0.05,0,NA,0.01,0.01,0
2016-06-19,0.0087,0.0628696,0.08,0,0.00833333,0.0336464,0.14888,0.02,0.01,0.01,0.009,0.09,0.12,0.05,0,NA,0.01,0.01,0
2016-06-20,0.0195,0.0507137,0.09,0.0103642,0.00833333,0.0286071,0.184276,0.008,0.006,0.01,0.008,0.08,0.13,0.05,0,NA,0.01,0.01,0
2016-06-21,0.0282,0.0506175,0.05,0.0467021,0.00833333,0.0377469,0.156021,0.04,0.03,0.02,0.01,0.11,0.11,0,0,NA,0.01,0.05,0
2016-06-22,0.025,0.0140838,0.07,0.034918,0.00833333,0.0240882,0.0200356,0.02,0.01,0,0,0,0.05,0,0,NA,0.01,0.03,0
2016-06-23,0,0.0135512,0.01,0,0.00833333,0.019055,0.0536143,1e-04,1e-04,0,0,0.01,0.03,0,0,NA,0.01,0.02,0
2016-06-24,NA,0.0135512,0,0,0.00833333,0.00979413,0.0567949,0,0,NA,NA,-0.01,-0.01,0,0,NA,0.01,0.01,0
2016-06-25,0,0.0135512,0,0,0.00833333,0.000445831,0.0323112,0,0,NA,NA,-0.01,-0.01,0,0,NA,0.01,0.01,0
2016-06-26,0,0.0135512,0,0,0.00833333,0.00935247,0.0219548,0,0,NA,NA,-0.01,-0.01,0,0,NA,0.01,0.01,0
2016-06-27,0,0.0144389,0,0,0.00833333,0.00935247,0.015635,0,0,0,0,-0.01,-0.01,0,0,NA,0.01,0.01,0
2016-06-28,0,0.0135512,0,0,0.00833333,0.00468722,0.00374975,0,0,NA,NA,-0.01,-0.01,0,0,NA,0.01,0.01,0
2016-06-29,0,0.0135512,0,NA,0.00833333,0.00979413,0.00374975,0,0,0,0,-0.01,-0.01,0,0,NA,0.01,0.01,0
2016-06-30,0,0.0140128,0,NA,0.00833333,0.018193,0.018193,0,0,0,0,-0.01,-0.01,0,0,NA,0.01,0.01,0
2016-07-01,0,0.0144389,0,0,0.00833333,0.00979413,0.0177774,0,0,0,0,-0.01,-0.01,0,0,NA,0.01,0.01,0
2016-07-02,0,0.0135512,0,0,0.00833333,0.00513096,0.0177774,0,0,0,0,-0.01,-0.01,NA,0,NA,0.01,0.01,0
2016-07-03,0,0.0144389,0,0,0.00833333,0.00979413,0.0177774,0,0,0,0,-0.01,-0.01,NA,0,NA,0.01,0.01,0
2016-07-04,0,0.0283366,0,0,0.00833333,0.00601785,0.0177774,0,0,0,0,-0.01,-0.01,0,0,NA,0.01,0.01,0
2016-07-05,0,0.0144389,0,0,0.00833333,0.0111179,0.00892857,0,0,0,0,-0.01,-0.01,0,0,NA,0.01,0.01,0
2016-07-06,NA,0.0144389,0,0,0.00833333,0.0106769,0.0312453,0,0,0,0,0.01,0.01,0,0,NA,0.01,0.01,0
2016-07-07,0.0087,0.0144389,0.01,0.0104156,0.00833333,0.0148748,0.0313597,0,0,0,0,0,0.01,0,0,NA,0.01,0.01,0
2016-07-08,0.0085,0.0140483,0.02,0.00821911,0.00833333,0.0254724,0.0625037,0.06,0.05,1e-04,1e-04,0.02,0.04,0.05,0,NA,0.01,0.05,0
2016-07-09,0.0322,0.0385,0.05,0.0277898,0.00833333,0.0956987,0.0956987,0.1,0.1,0.01,0.009,0.04,0.08,0.05,0,NA,0.05,0.1,0
2016-07-10,0.134,0.0140128,0.07,0.0216348,0.00833333,0.103949,0.103949,0.5,0.4,0.02,0.02,0.04,0.16,0.05,0,NA,0.1,0.07,0
2016-07-11,0.1134,0.0283366,0.07,0.0242674,0.00833333,0.129291,0.129291,0.3,0.3,0.01,0.01,0.2,0.2,0.1,0,NA,0.1,0.12,0
2016-07-12,0.0524,0.0441678,0.11,0.0351681,0.00833333,0.0236529,0.175176,0.03,0.02,0.01,0.01,0.08,0.14,0.1,0,NA,0.01,0.15,0
2016-07-13,0.0121,0.0507162,0.11,0.073086,0.00833333,0.0237103,0.166503,0.3,0.2,0.02,0.02,0.03,0.16,0.1,0,NA,0.01,0.11,0
2016-07-14,0.0141,0.0506175,0.06,0.0615552,0.00833333,0.0303936,0.197513,0.08,0.06,0.01,0.01,0.2,0.07,0.05,0,NA,0.01,0.07,0
2016-07-15,0.0312,0.0506175,0.11,0.0463975,0.00833333,0.19752,0.19752,0.05,0.04,0.03,0.03,0.03,0.04,0.05,0,NA,0.05,0.07,0
2016-07-16,0.271531,0.0696433,0.23,0.109834,0.00833333,0.0832091,0.481438,0.2,0.2,0.1,0.08,0.28,0.34,0.15,0,NA,0.2,0.08,0
2016-07-17,0.0119,0.0917304,0.21,0.0111893,0.00833333,0.0857291,0.0857291,0.2,0.1,0.1,0.09,0,0.4,0.18,0,NA,0.2,0.2,0
2016-07-18,0.0543,0.143838,0.22,0.043615,0.00833333,0.0407392,0.0407392,0.1,0.1,0.08,0.07,0.19,0.18,0.2,0,NA,0.25,0.1,0
2016-07-19,NA,0.144774,0.24,0.0429627,0.00833333,0.0640423,0.427973,0.2,0.1,0.06,0.05,0.13,0.45,0.2,0,NA,0.25,0.25,0
2016-07-20,NA,0.142884,0.631566,0.0634665,0.00833333,0.0552293,0.599514,0.2,0.2,0.2,0.2,0.36,0.42,0.25,0,NA,0.25,0.25,0
2016-07-21,0.274894,0.246226,0.640759,0.17045,0.00833333,0.560445,0.560445,0.2,0.2,0.2,0.2,0.35,0.42,0.28,1,NA,0.25,0.3,1
2016-07-22,0.1081,0.0852,0.631566,0.395684,0.0166667,0.467619,0.463381,0.4,0.3,0.2,0.1,0.31,0.39,0.28,1,NA,0.35,0.4,0
2016-07-23,0.0695433,0.212,0.16,0.034918,0.0166667,0.0798372,0.24625,0.5,0.4,0.05,0.04,0.17,0.33,0.18,1,NA,0.3,0.35,1
2016-07-24,0.0289,0.0285471,0.01,0.034918,0.025,1,0.0629601,0.002,0.04,0,0,0,0.16,0.35,1,NA,0.4,0.5,1
2016-07-25,0.0317,0.0144389,0,0,0.0333333,0.00468722,0.0485634,0,0,NA,NA,0.04,0.07,0.23,0,NA,0.4,0.4,0
2016-07-26,NA,0.0144389,0,0,0.0333333,0.00513096,0.051437,0,0,NA,NA,-0.01,-0.01,0.2,0,NA,0.1,0.2,0
2016-07-27,0,0.0287224,0,0,0.0333333,0.00513096,0.0180298,0,0,0,0,-0.01,-0.01,0,0,NA,0.01,0.03,0
2016-07-28,0,0.0424364,0,0,0.0333333,0.00513096,0.0063593,0,0,0,0,-0.01,-0.01,0,0,NA,0.01,0.01,0
2016-07-29,NA,0.0278457,0.01,NA,0.0333333,0.00979413,0.0218071,0,0,0,0,0,0.01,0,0,NA,0.01,0.01,0
2016-07-30,0.0055,0.126107,0.04,0.0138656,0.0333333,0.0186175,0.0185493,0.01,0.01,0.002,0.002,0,0.01,0,0,0.130901,0.01,0.03,0
2016-07-31,0.0055,0.0654883,0,0,0.0333333,0.0144354,0.0155187,0.007,0.006,3e-04,2e-04,0,0.01,0,0,0.102556,0.01,0.01,0
2016-08-01,0.0032,0.0144389,NA,0,0.0333333,0.0148748,0.0157581,4e-04,3e-04,2e-04,1e-04,0,0.01,0,0,0.121728,0.01,0.03,0
2016-08-02,0.0032,0.0311729,NA,0,0.0333333,0.019055,0.0158662,4e-04,3e-04,1e-04,1e-04,0,0.01,0,0,0.0283457,0.01,0.01,0
2016-08-03,0.0032,NA,NA,NA,0.0333333,0.0155244,0.0155244,NA,NA,NA,NA,0,0.01,0,0,NA,0.01,0.01,0
2016-08-04,NA,NA,NA,NA,0.0333333,0.0155353,0.0155353,NA,NA,NA,NA,-0.01,-0.01,0,0,NA,0.01,0.01,0
2016-08-05,NA,NA,NA,NA,0.0333333,0.01945,0.01945,NA,NA,NA,NA,0.01,0.01,0,0,0.0553138,0.01,0.01,0
2016-08-06,0.037,0.0633632,0.06,0.0330737,0.0333333,0.123605,0.123605,0.04,0.03,0.02,0.02,0.08,0.13,0,0,0.391681,0.01,0.05,0
2016-08-07,0.0623,0.0516505,0.08,0.0445931,0.0333333,0.0194923,0.133393,0.1,0.08,0.02,0.02,0.04,0.14,0.05,0,0.413421,0.01,0.05,1
2016-08-08,0.182,0.0521379,0.09,0.0613921,0.0416667,0.037718,0.148871,0.1,0.09,0.02,0.02,0.26,0.34,0.2,0,0.25263,0.15,0.05,0
2016-08-09,0.1252,0.0954104,0.13,0.0168227,0.0416667,0.0292849,0.309933,0.3,0.3,0.06,0.04,0.42,0.34,0.15,0,0.511147,0.15,0.01,0
2016-08-10,0.2238,0.0848813,0.1,0.0326286,0.0416667,0.273488,0.273488,0.3,0.3,0.05,0.04,0.03,0.39,0.1,0,0.724376,0.15,0.08,0
2016-08-11,0.0583,0.136865,0.19,0.0192925,0.0416667,0.0327842,0.336914,0.3,0.2,0.04,0.03,0.06,0.1,0.1,0,0.714141,0.05,0.03,0
2016-08-12,0.0269,0.0653231,0.28,0.0235752,0.0416667,0.42728,0.42728,0.09,0.08,0.06,0.05,0.04,0.1,0.15,0,0.677889,0.01,0.01,0
2016-08-13,0.0458,0.0760408,0.13,0.0113818,0.0416667,0.0199295,0.37561,0.009,0.007,0.02,0.02,0.07,0.14,0.1,0,0.433127,0.01,0.01,0
2016-08-14,0.0558,0.106039,0.13,0.00801857,0.0416667,0.344617,0.344617,0.004,0.003,0.01,0.01,0.12,0.12,0.05,0,0.633617,0.01,0.01,0
2016-08-15,0.0454,0.0947403,0.15,0.0135357,0.0416667,0.0323527,0.351856,0.03,0.03,0.003,0.003,0.06,0.12,0.05,0,0.57756,0.01,0.05,0
2016-08-16,0.03,0.0941553,0.12,0.0357716,0.0416667,0.0186175,0.361125,0.06,0.05,0.009,0.007,0.04,0.11,0.05,0,0.75584,0.01,0.02,0
2016-08-17,0.0196,0.0646669,0.07,0.0183422,0.0416667,0.0144354,0.249971,0.06,0.05,0.01,0.008,0.04,0.07,0.05,0,0.667142,0.01,0.04,0
2016-08-18,0.0152,0.0630452,0.06,0,0.0333333,0.181095,0.181095,0.03,0.02,0.02,0.01,0,0.07,0.02,0,0.630909,0.01,0.04,0
2016-08-19,0.0119,0.0512267,NA,0.00902515,0.0333333,0.0144354,0.126076,0.07,0.05,0.004,0.003,0,0.07,0,0,0.327084,0.01,0.03,0
2016-08-20,0.0086,0.0140128,0.01,0.034918,0.0333333,0.105079,0.105079,0.03,0.03,0,0,0.01,0.04,0,0,0.0842099,0.01,0.02,0
2016-08-21,0.0066,0.0135512,0,0,0.0333333,0.00468722,0.057059,0,0,0,0,0,0.01,0.03,0,0.0842099,0.01,0,0
2016-08-22,0.0032,0.0140483,0.01,0.034918,0.0333333,0.00935247,0.0250648,0,0,0,0,0,0.01,0,0,0.130901,0.01,0.01,0
2016-08-23,0.0867,0.075456,0.07,0.0738822,0.0333333,0.0139958,0.110642,0,0,0,0,0.15,0.2,0,0,0.420667,0.01,0.01,0
2016-08-24,0.037,0.0938317,0.08,0.0403354,0.0333333,0.019055,0.118849,0.06,0.05,0.004,0.003,0.07,0.11,0,0,0.518683,0.01,0.01,0
2016-08-25,0.0368,0.0443842,0.07,0.0221917,0.0333333,0.108408,0.108408,0.06,0.05,0.001,0.001,0.06,0.1,0,0,0.504946,0.01,0.01,0
2016-08-26,0.0481,0.0550175,0.11,0.038142,0.0333333,0.139907,0.139907,0.01,0.008,0.009,0.007,0.05,0.08,0,0,0.504946,0.05,0.01,0
2016-08-27,0.0348,0.088374,0.06,0.0129056,0.0333333,0.0236529,0.151351,0.01,0.009,0.008,0.006,0.13,0.1,0,0,0.419219,0.05,0.01,0
2016-08-28,0.1129,0.0650591,0.11,0.0297978,0.0333333,0.0236529,0.12866,0.006,0.004,0.006,0.005,0.01,0.15,0.05,0,0.545347,0.05,0.01,0
2016-08-29,0.0827,0.114101,0.09,0.0533415,0.0333333,0.0232174,0.244495,0.07,0.06,0.02,0.02,0.18,0.17,0.05,0,0.676276,0.05,0.01,0
2016-08-30,0.0804,0.029739,0.08,0.0483957,0.0333333,0.0194923,0.17301,0.1,0.09,0.03,0.03,0.07,0.13,0.05,0,0.406174,0.05,0.15,0
2016-08-31,0.074,0.0306834,0.11,0.0230622,0.0333333,0.139012,0.139012,0.1,0.1,0.01,0.01,0.06,0.11,0.05,0,NA,0.05,0.11,0
2016-09-01,0.0841,0.768338,0.263048,0.034918,0.0333333,0.0240882,0.173235,0.4,0.3,0.02,0.02,0.26,0.19,0.2,0,0.503552,0.1,0.07,0
2016-09-02,0.176,0.761855,0.334976,0.131486,0.0333333,0.0240882,0.218716,0.4,0.3,0.1,0.1,0.28,0.32,0.15,0,0.682057,0.2,0.05,0
2016-09-03,0.34843,0.267301,0.325783,0.0791764,0.0333333,0.019055,0.179854,0.1,0.08,0.2,0.2,0.77,0.86,0.15,0,0.386655,0.2,0.03,0
2016-09-04,0.454339,0.31349,0.278205,0.0719576,0.0333333,0.244695,0.244695,0.02,0.01,0.06,0.05,0.75,0.86,0.1,0,0.35896,0.2,0.03,0
2016-09-05,0.33337,0.299,0.307398,0.022367,0.0333333,0.0139958,0.388717,0.02,0.01,0.02,0.02,0.74,0.85,0.1,0,0.309894,0.2,0.1,0
2016-09-06,0.173931,0.489022,0.177084,0.0610624,0.0333333,0.342914,0.342914,0.02,0.02,0.03,0.02,0.49,0.46,0.05,0,NA,0.2,0.15,0
2016-09-07,0.1333,0.117208,0.23,0.0417503,0.0333333,0.0240882,0.309159,0.04,0.03,0.03,0.02,0.29,0.46,0.05,0,0.403332,0.15,0.1,0
2016-09-08,0.1487,0.370608,0.19,0.0505249,0.0333333,0.0245233,0.415135,0.03,0.02,0.04,0.03,0.33,0.51,0.15,0,0.39109,0.1,0.25,0
2016-09-09,0.0454,0.26071,0.19,0.0554311,0.0333333,0.469075,0.469075,0.09,0.08,0.09,0.07,0.13,0.24,0.15,0,0.526248,0.1,0.15,0
2016-09-10,0.0452,0.755468,0.12,0.0729708,0.0333333,0.338043,0.338043,0.06,0.05,0.08,0.07,0.12,0.25,0.1,0,0.621375,0.1,0.15,0
2016-09-11,0.1252,0.183387,0.18,0.0628064,0.0333333,0.0236529,0.321863,0.2,0.2,0.05,0.04,0.21,0.38,0.1,0,0.692851,0.15,0.25,0
2016-09-12,0.0633,0.0552543,0.06,0.0206477,0.0333333,0.0199295,0.196819,0.03,0.02,9e-04,7e-04,0.12,0.2,0.05,0,0.349374,0.1,0.15,0
2016-09-13,0.0867,0.0312709,0.05,0.0203932,0.0333333,0.0282293,0.150522,0.01,0.009,0.001,9e-04,0.06,0.17,0,0,0.372486,0.01,0.12,0
2016-09-14,0.0645,0.0844026,0.05,0.011165,0.0333333,0.019055,0.0828987,0.02,0.02,9e-04,7e-04,0.01,0.05,0,0,0.308028,0.01,0.12,0
2016-09-15,0.0032,0.0451746,0,0,0.0333333,0.019055,0.067265,0.03,0.02,0,0,0,0.04,0,0,0.16842,0.01,0.01,0
2016-09-16,0.0087,0.0144389,0.01,0.034918,0.0333333,0.0139958,0.0645613,0.03,0.02,0.002,0.002,0,0.01,0,0,NA,0.01,0.01,0
2016-09-17,0.0055,0.0279511,0.01,0.0160666,0.0333333,0.0186175,0.0385705,0.03,0.03,0.004,0.003,0,0.01,0.05,0,0.233457,0.01,0.01,0
2016-09-18,0.0055,0.0639,0.01,0,0.0333333,0.0055745,0.0337339,0.01,0.009,0.002,0.001,0,0.01,0,0,0.233457,0.01,0.01,0
2016-09-19,0.0107,0.02,0.06,0.0118036,0.0333333,0.0148748,0.11179,0.001,0.001,0.005,0.004,0.02,0.07,0.05,0,0.328411,0.01,0.01,0
2016-09-20,0.0452,0.0745663,0.06,0.0298643,0.0333333,0.0232174,0.0803751,0.3,0.2,0.06,0.05,0.01,0.11,0.05,0,0.540762,0.01,0.02,0
2016-09-21,0.0782,0.048313,0.05,0.0120027,0.0333333,0.0194923,0.182468,0.3,0.3,0.002,0.001,0.13,0.1,0.1,0,0.233457,0.01,0.05,0
2016-09-22,0.102,0.0204,0.06,0.0119264,0.0333333,0.166073,0.166073,0.008,0.006,0.003,0.002,0.42,0.24,0,0,0.205111,0.01,0.1,0
2016-09-23,0.0652,0.0280207,0.09,0.0319137,0.0333333,0.015314,0.203489,0.02,0.02,0.009,0.007,0.09,0.1,0,0,0.430067,0.01,0.05,0
2016-09-24,0.1056,0.032743,0.04,0.0476629,0.0333333,0.019055,0.196469,0.1,0.09,0.02,0.01,0.17,0.18,0,0,0.437314,0.01,0.05,0
2016-09-25,0.0053,0.0201,0.06,0.0199039,0.0333333,0.0144354,0.124666,0.2,0.1,0.003,0.003,0,0.31,0,0,0.224284,0.01,0.02,0
2016-09-26,0.0368,0.076386,0.06,0.0174326,0.0333333,0.0141387,0.0930767,0,0,0.01,0.01,0.08,0.07,0,0,0.25263,0.05,0.05,0
2016-09-27,0.0908,0.0659,0.04,0.0181737,0.0333333,0.00935247,0.0813789,0,0,0.02,0.02,0.28,0.25,0,0,0.290975,0.05,0.01,0
2016-09-28,0.0317,0.0766531,0.06,0.0392796,0.0333333,0.0642274,0.0553098,0,0,0.06,0.05,0.08,0.07,0.05,0,0.300148,0.05,0.01,0
2016-09-29,0.0317,0.346275,0.02,0.034918,0.0333333,0.0144354,0.0347187,0.1,0.1,0.01,0.009,0.04,0.07,0.05,0,NA,0.01,0.01,0
2016-09-30,0.0217,0.0135512,0,0,0.0333333,0.015314,0.00892857,0,0,0,0,0.02,0.03,0.05,0,NA,0.01,0.01,0
2016-10-01,0,0.0135512,0,0,0.0333333,0.019055,0.0063593,0,0,0,0,0.01,0.03,0,0,NA,0.01,0.01,0
2016-10-02,NA,0.0144389,0,0,0.0333333,0.0111179,0.019395,0,0,0,0,-0.01,-0.01,0,0,NA,0.01,0.01,0
2016-10-03,NA,0.0140483,0.02,0.0175428,0.0333333,0.0208032,0.0296838,0,0,0,0,0,0.01,0,0,0.233457,0.01,0.01,0
2016-10-04,0.0648,0.0278808,0.1,0.0109335,0.0333333,0.143195,0.143195,0.06,0.05,0.01,0.009,0.03,0.05,0.05,0,0.25263,0.01,0.05,0
2016-10-05,0.0848,0.0532193,0.12,0.111094,0.0333333,0.146965,0.146965,0.3,0.3,0.05,0.04,0.02,0.08,0.1,0,0.593037,0.01,0.02,0
2016-10-06,0.1308,0.0832144,0.1,0.0603722,0.0333333,0.0106769,0.175359,0.2,0.2,0.04,0.04,0.18,0.28,0.05,0,0.559552,0.01,0.01,0
2016-10-07,0.0282,0.0541664,0.13,0.0633807,0.0333333,0.0236529,0.152358,0.05,0.04,0.08,0.07,0,0.23,0.05,0,0.559552,0.05,0.02,0
2016-10-08,0.0838,0.0539665,0.19547,0.064866,0.0333333,0.0144354,0.208738,0.03,0.02,0.06,0.05,0.25,0.28,0.05,0,0.701601,0.01,0.2,0
2016-10-09,0.1403,0.0551361,0.223048,0.056973,0.0333333,0.237137,0.237137,0.03,0.02,0.06,0.05,0.36,0.3,0.05,0,0.701432,0.01,0.15,0
2016-10-10,0.1603,0.0659831,0.232241,0.0397476,0.0333333,0.0139958,0.221473,0.02,0.01,0.04,0.03,0.06,0.25,0.05,0,0.702306,0.01,0.2,0
2016-10-11,0.158503,0.045199,0.11112,0.0296538,0.0333333,0.0139958,0.261887,0.06,0.05,0.02,0.02,0.07,0.26,0.05,0,0.604918,0.01,0.05,0
2016-10-12,0.0616,0.0449026,0.05,0.0463651,0.0333333,0.0232174,0.214458,0.5,0.5,0.03,0.02,0.07,0.15,0.05,0,0.633481,0.01,0.02,0
2016-10-13,0.0475,0.0566461,0.06,0.0172172,0.0333333,0.066584,0.227274,0,0,0.04,0.03,0.25,0.11,0.05,0,0.619274,0.01,0.02,0
2016-10-14,0.0423,0.0449688,0.03,0.0542386,0.0333333,0.195932,0.195932,0.3,0.2,0.02,0.02,0.06,0.12,0.05,0,0.470997,0.01,0.02,0
2016-10-15,0.0423,0.0421938,0.04,0.034918,0.0333333,0.019055,0.1432,0.2,0.2,0.006,0.005,0.05,0.12,0.05,0,0.307752,0.01,0.01,0
2016-10-16,0.025,0.0280558,0.03,0,0.0333333,0.019055,0.107597,4e-04,3e-04,0.004,0.003,0.03,0.08,0.05,0,0.256706,0.01,0.02,0
2016-10-17,0.025,0.04313,0.03,0.0287779,0.0333333,0.0236529,0.0872574,0.02,0.01,0.006,0.005,0.02,0.05,0,0,0.283659,0.01,0.01,0
2016-10-18,0.0217,0.0275644,0.07,0.0099815,0.0333333,0.0236529,0.0444213,4e-04,4e-04,0,0,0.02,0.05,0,0,0.140074,0.01,0.05,0
2016-10-19,0.0217,0.0207,0.06,0.0120381,0.0333333,0.0240882,0.0733979,0.007,0.005,0.002,0.002,0.02,0.05,0,0,0.233457,0.01,0.05,0
2016-10-20,0.0348,0.0323,0.05,0.0135112,0.0333333,0.0736117,0.0736117,0.001,0.001,0.002,0.001,0.07,0.07,0,0,0.201686,0.01,0.05,0
2016-10-21,0.0249,0.0324475,0.02,0.0108254,0.0333333,0.0144354,0.0481716,0.005,0.004,0.005,0.004,0.02,0.03,0,0,0.233457,0.01,0.1,0
2016-10-22,0.0271,0.0135512,0.05,0.02634,0.0333333,0.0186175,0.0540167,0.03,0.02,0.001,0.001,0.02,0.04,0,0,0.102556,0.01,0.05,0
2016-10-23,0.0085,0.0152912,0.02,0.0138874,0.0333333,0.00979413,0.0478288,5e-04,4e-04,3e-04,3e-04,0.01,0.02,0,0,0.102556,0.01,0.05,0
2016-10-24,0.0085,0.0140483,0.01,0,0.0333333,0.00935247,0.0233722,2e-04,2e-04,1e-04,0,0,0.02,0,0,0.0933827,0.01,0.01,0
2016-10-25,0.0053,0.0283366,0.04,0.0162028,0.0333333,0.00935247,0.0372011,0.01,0.009,0.006,0.004,0,0.02,0,0,0.195938,0.01,0.01,0
2016-10-26,0.0838,0.0759962,0.06,0.0246217,0.0333333,0.00935247,0.0421511,0.02,0.01,0.009,0.007,0.1,0.17,0.05,0,0.25263,0.01,0.01,0
2016-10-27,0.0317,0.0561709,0.03,0.034918,0.0333333,0.00935247,0.0312974,0.05,0.04,0.002,0.002,0.07,0.07,0,0,NA,0.01,0.01,0
2016-10-28,0.0317,0.105054,0.03,0.0142178,0.0333333,0.0144354,0.0154553,0,0,0,0,0.04,0.07,0,0,NA,0.01,0.01,0
2016-10-29,0.037,0.0619512,0.04,0.0101484,0.0333333,0.0102356,0.0229054,0,0,0,0,0,0.01,0,0,0.0558642,0.01,0.01,0
2016-10-30,0.0055,0.0869612,0.01,0.0125631,0.0333333,0.00979413,0.0172011,4e-04,3e-04,8e-04,6e-04,0,0.01,0.02,0,0.111728,0.01,0.01,0
2016-10-31,0.0055,0.0135512,0,0,0.0333333,0.00374975,0.00374975,1e-04,1e-04,0,0,0,0.01,0,0,0.111728,0.01,0.01,0
2016-11-01,0.0107,0.0135512,0.02,0.00868928,0.0333333,0.0106769,0.0379599,0.001,0.001,NA,NA,0.01,0.02,0,0,0.0842099,0.01,0.01,0
2016-11-02,0.0055,0.0144389,0,0,0.0333333,0.0106769,0.0332843,0,0,NA,NA,0.01,0.01,0,0,0.065037,0.01,0.01,0
2016-11-03,NA,0.0420557,0.01,0,0.0333333,0.0144354,0.0322474,0,0,NA,NA,-0.01,-0.01,0,0,NA,0.01,0.01,0
2016-11-04,NA,0.0696983,0.05,0,0.0333333,0.00690395,0.0505747,0,0,NA,NA,0,0.02,0,0,0.172056,0.01,0.02,0
2016-11-05,0.0087,0.0579223,0.02,0.00991789,0.0333333,0.015314,0.0313384,2e-04,2e-04,2e-04,2e-04,0.01,0.02,0,0,0.180862,0.01,0.01,0
2016-11-06,0.0087,0.0274589,0.01,0.0089545,0.0333333,0.0208032,0.0347306,0.002,0.002,3e-04,2e-04,0.01,0.02,0,0,0.207907,0.01,0.02,0
2016-11-07,0.0087,0.0505188,0.01,0.0119393,0.0333333,0.0115588,0.0343653,0.06,0.05,0,0,0.01,0.02,0,0,0.342554,0.01,0.01,0
2016-11-08,0.0109,0.0450712,0,0,0.0333333,0.015314,0.0307485,0,0,NA,NA,0.01,0.02,0,0,0.0558642,0.01,0.01,0
2016-11-09,NA,0.03225,0,0,0.0333333,0.00601785,0.0214825,0,0,NA,NA,-0.01,-0.01,0,0,NA,0.01,0.01,0
2016-11-10,NA,0.117943,0.05,0.0310662,0.0333333,0.0144354,0.0531621,0,0,0,0,0,0.01,0,0,0.195938,0.01,0.01,0
2016-11-11,0.0109,0.102304,0.03,0.0121026,0.0333333,0.0148748,0.0311265,0.02,0.02,NA,NA,0.01,0.03,0,0,NA,0.01,0.01,0
2016-11-12,0.0888,0.0202,0.01,0,0.0333333,0.0186175,0.0885853,0,0,NA,NA,0.39,0.18,0,0,0.111728,0.01,0.01,0
2016-11-13,0.0599,0.0505188,0.01,0.0114883,0.0333333,0.0186175,0.0718136,0,0,0,0,0.02,0.04,0,0,0.18142,0.01,0.01,0
2016-11-14,0.0138,0.0520423,0.08,0.0234648,0.0333333,0.019055,0.124382,8e-04,6e-04,0.003,0.002,0.02,0.04,0,0,0.250729,0.01,0.01,0
2016-11-15,0.0141,0.0937584,0.05,0.0104224,0.0333333,0.0194923,0.0749182,0.003,0.002,0.004,0.003,0.03,0.02,0,0,0.215979,0.01,0.01,0
2016-11-16,0.0107,0.0140483,0.05,0.0170212,0.0333333,0.0106769,0.0539468,7e-04,6e-04,4e-04,3e-04,0.01,0.03,0,0,0.180962,0.01,0.01,0
2016-11-17,0.0888,0.0641,0.07,0.00730775,0.0333333,0.0194923,0.093972,0.001,0.001,0.001,0.001,0.1,0.17,0.02,0,0.233457,0.01,0.01,0
2016-11-18,0.0317,0.0274589,0.05,0.0063498,0.0333333,0.0148748,0.0876215,0.03,0.02,6e-04,5e-04,0.07,0.07,0.02,0,0.308028,0.01,0.01,0
2016-11-19,0.0271,0.0135512,0.02,0.0126463,0.0333333,0.0194923,0.0456754,0.03,0.03,0.002,0.001,0.02,0.04,0,0,0.248818,0.01,0.01,0
2016-11-20,0.0065,0.0135512,0,0.0118964,0.025,0.0236529,0.0561771,4e-04,3e-04,3e-04,3e-04,0,0.02,0,0,0.282183,0.01,0.01,0
2016-11-21,0.0065,0.0135512,0,0,0.025,0.0106769,0.0335052,0,0,0,0,0,0.01,0,0,0.149247,0.01,0.01,0
2016-11-22,NA,0.0135512,0,0,0.0166667,0.0139958,0.0220154,0,0,0,0,-0.01,-0.01,0.05,0,NA,0.01,0.01,0
2016-11-23,0,0.0135512,0,0,0.00833333,0.0144354,0.0323574,0,0,0,0,-0.01,-0.01,0,0,NA,0.01,0.01,0
2016-11-24,NA,0.0203,0.06,0.034918,0.00833333,0.0139958,0.0755943,0,0,0,0,0,0.03,0,0,NA,0.01,0.05,0
2016-11-25,0.0034,0.0205,0.01,0.0352555,0.00833333,0.00979413,0.119212,0.03,0.03,0.03,0.03,0.01,0.03,0,0,0.290975,0.01,0.01,0
2016-11-26,0.0034,0.074746,0.04,0.00933807,0.00833333,0.00935247,0.00748545,0.02,0.01,0.03,0.03,0,0.03,0,0,0.290975,0.01,0.01,0
2016-11-27,0.0034,0.0582658,0.01,0.019826,0.00833333,0.00935247,0.17143,0.002,0.002,0.02,0.02,0,0.03,0,0,0.271802,0.01,0.01,0
2016-11-28,0.043,0.0443504,0.04,0.0221789,0.00833333,0.0186175,0.182572,0.01,0.01,0.008,0.007,0.06,0.05,0,0,0.396269,0.01,0.01,0
2016-11-29,0.048,0.121808,0.04,0.020043,0.00833333,0.0282293,0.196861,0.07,0.05,0.02,0.01,0.06,0.07,0.05,0,0.810318,0.01,0.01,1
2016-11-30,0.0748,0.13838,0.08,0.3445,0.0166667,0.0236529,0.151323,0.2,0.2,0.04,0.03,0.15,0.16,0.18,0,0.614158,0.15,0.1,0
2016-12-01,0.1305,0.0748577,0.1,0.0218734,0.0166667,0.0282293,0.211877,0.04,0.2,0.01,0.1,0.37,0.29,0.18,0,0.576698,0.2,0.25,0
2016-12-02,0.1321,0.0416738,0.08,0.0225786,0.0166667,0.0282293,0.218988,0.01,0.09,0.01,0.07,0.2,0.25,0.1,0,0.574094,0.2,0.05,0
2016-12-03,0.0726,0.0204,0.09,0.0196422,0.0166667,0.0236529,0.164249,0.04,0.1,0.03,0.2,0.15,0.15,0.05,0,0.608645,0.1,0.05,0
2016-12-04,0.1205,0.0275293,0.04,0.0667254,0.0166667,0.225121,0.225121,0.04,0.03,0.03,0.03,0.2,0.24,0.05,0,0.660426,0.1,0.05,0
2016-12-05,0.1115,0.0135512,0.04,0.0168179,0.0166667,0.0367559,0.178863,0.02,0.02,0.03,0.02,0.12,0.2,0.1,0,0.271802,0.1,0.15,0
2016-12-06,0.0869,0.0140483,0.03,0.0262046,0.0166667,0.0180588,0.137371,0.01,0.01,0.03,0.02,0.13,0.2,0.05,0,0.290975,0.05,0.15,0
2016-12-07,0.0314,0.0385,0.03,0.0222341,0.00833333,0.13467,0.13467,0.06,0.05,0.03,0.03,0,0.12,0.05,0,0.300148,0.05,0.1,0
2016-12-08,0.0109,0.0202,0.02,0.030527,0.00833333,0.00468722,0.0515196,0.1,0.1,0.02,0.02,0,0.03,0.05,0,0.290975,0.01,0.27,0
2016-12-09,0.0167,0.0385,0.01,0.034918,0.00833333,0.00468722,0.0325258,0.08,0.07,NA,NA,0.03,0.03,0,0,NA,0.01,0.05,0
2016-12-10,0,0.0135512,0,0,0.00833333,0.0063593,0.0063593,NA,NA,NA,NA,0.01,0.03,0,0,NA,0.01,0.05,0
2016-12-11,NA,0.0135512,0,0,0.00833333,0.0172552,0.0172552,NA,NA,NA,NA,-0.01,-0.01,0,0,NA,0.01,0.01,0
2016-12-12,NA,0.0278457,0.01,0.0103231,0.00833333,0.0181509,0.0181509,0,0,NA,NA,0,0.01,0,0,0.102556,0.01,0.01,0
2016-12-13,0.0055,0.0144389,0.04,0.00940264,0.00833333,0.0188185,0.0188185,0.01,0.009,0.004,0.004,0,0.01,0,0,0.25263,0.01,0.01,0
2016-12-14,0.0217,0.0278457,0,0.034918,0.00833333,0.01738,0.01738,0.01,0.009,NA,NA,0.01,0.03,0,0,NA,0.01,0.01,0
2016-12-15,0.0163,0.0140128,0.01,0,0.00833333,0.00979413,0.0329599,NA,NA,NA,NA,0.01,0.04,0,0,0.0842099,0.01,0.01,0
2016-12-16,0.0141,0.0135512,0,0,0.00833333,0.0144354,0.0213171,NA,NA,NA,NA,0,0.01,0,0,0.065037,0.01,0.01,0
2016-12-17,NA,0.0135512,0,0,0.00833333,0.000891464,0.0148751,NA,0,NA,NA,-0.01,-0.01,0,0,NA,0.01,0.01,0
2016-12-18,0,0.0140128,0,0,0.00833333,0.00513096,0.0180287,0,0,NA,NA,-0.01,-0.01,0,0,NA,0.01,0.01,0
2016-12-19,NA,0.02,0.02,0,0.00833333,0.0144354,0.0263843,0,0,0,0,0.04,0.07,0,0,0.0933827,0.01,0.01,0
2016-12-20,0.0055,0.0140483,0.02,0,0.00833333,0.019055,0.0329221,0,0,NA,NA,0,0.01,0,0,0.065037,0.01,0.01,0
2016-12-21,0.0109,0.0385,0.03,0.0114622,0.00833333,0.0186175,0.0442049,0,0,0,0,0,0.01,0,0,0.177593,0.01,0.01,0
2016-12-22,0.0109,0.0140483,0.03,0,0.00833333,0.0144354,0.0473483,0.009,0.007,0,0,0.01,0.03,0,0,0.140074,0.01,0.01,0
2016-12-23,0,0.0144745,0,0,0.00833333,0.019055,0.0319273,0,0,NA,NA,0,0.03,0,0,0.233457,0.01,0.01,0
2016-12-24,NA,0.0135512,0,0,0.00833333,0.00513096,0.0349581,0,0,NA,NA,-0.01,-0.01,0,0,NA,0.01,0.01,0
2016-12-25,0,0.0135512,0,0,0.00833333,0.00935247,0.0256678,0,0,NA,NA,-0.01,-0.01,0,0,NA,0.01,0.01,0
2016-12-26,0,0.0140128,0,0,0.00833333,0.00935247,0.0363829,NA,NA,0,0,-0.01,-0.01,0,0,NA,0.01,0.01,0
2016-12-27,NA,0.07336,0.02,0.0181703,0.00833333,0.00979413,0.0301831,0,0,0,0,0,0.01,0,0,0.130901,0.01,0.01,0
2016-12-28,0.0053,0.0283366,0,0,0.00833333,0.0148748,0.016914,0.009,0.007,0,0,0.01,0.02,0,0,0.310148,0.01,0.05,0
2016-12-29,0.0055,0.0144389,0,0,0.00833333,0.019055,0.0156025,0.01,0.01,0,0,0.01,0.01,0,0,NA,0.01,0.01,0
2016-12-30,NA,0.0135512,0,0,0.00833333,0.00979413,0.0063593,0,0,0,0,-0.01,-0.01,0,0,NA,0.01,0.01,0
2016-12-31,NA,0.0140483,0,0,0.00833333,0.00601785,0.032202,0,0,0,0,0,0.01,0,0,0.406012,0.01,0.01,0
2017-01-01,0.0032,0.02,NA,0,0.00833333,0.0169849,0.0171647,0,0,NA,NA,0,0.01,0,0,NA,0.01,0.01,0
2017-01-02,NA,0.02,0,0,0.00833333,0.0343268,0.0343268,0,0,NA,NA,-0.01,-0.01,0,0,NA,0.01,0.01,0
2017-01-03,0,0.0135512,0,0,0.00833333,0.0217396,0.0217396,0,0,0,0,-0.01,-0.01,0,0,NA,0.01,0.01,0
2017-01-04,NA,0.0135512,0,0,0.00833333,0.0055745,0.0341298,0,0,0,0,0,0.01,0,0,0.0842099,0.01,0.01,0
2017-01-05,NA,0.0135512,0,0,0.00833333,0.00468722,0.0306663,0,0,0,0,-0.01,-0.01,0,0,NA,0.01,0.01,0
2017-01-06,0,0.0135512,0,0,0.00833333,0.000445831,0.0245435,0,0,0,0,-0.01,-0.01,0,0,NA,0.01,0.01,0
2017-01-07,0,0.0135512,0,0,0.00833333,0.00468722,0.0344008,0,0,0,0,-0.01,-0.01,0,0,NA,0.01,0.01,0
2017-01-08,0,0.0135512,0,0,0.00833333,0.000445831,0.0063593,0,0,0,0,-0.01,-0.01,0,0,NA,0.01,0.01,0
2017-01-09,0,0.0135512,0,0,0.00833333,0.00468722,0,0,0,0,0,-0.01,-0.01,0,0,NA,0.01,0.01,0
2017-01-10,0,0.0135512,0,0,0.00833333,0.00468722,0,NA,NA,NA,NA,-0.01,-0.01,0,0,NA,0.01,0.01,0
2017-01-11,0,0.0135512,0,0,0.00833333,0.00468722,0,NA,NA,NA,NA,-0.01,-0.01,0,0,NA,0.01,0.01,0
2017-01-12,0,0.0135512,0,0,0.00833333,0,0,0,0,NA,NA,-0.01,-0.01,0,0,NA,0.01,0.01,0
2017-01-13,NA,0.0140483,0.01,0.034918,0.00833333,0.00935247,0.01666,NA,0,NA,NA,0,0.03,0.02,0,NA,0.01,0.01,0
2017-01-14,0.0109,0.0990435,0.0376722,0.034918,0.00833333,0.0139958,0.0932925,0.02,0.02,0.002,0.002,0.01,0.05,0,0,0.149247,0.01,0.03,0
2017-01-15,0.0268,0.0430962,0.0468962,0,0.00833333,0.0186175,0.140363,0.03,0.02,0.02,0.02,0.01,0.05,0,0,0.367788,0.01,0.05,0
2017-01-16,0.0034,0.0317643,0.0376722,0,0.00833333,0.152359,0.152359,0.006,0.005,0.02,0.01,0.02,0.05,0,0,0.342678,0.01,0.03,0
2017-01-17,0.0034,0.0940279,0.04,0.0116227,0.00833333,0.0144354,0.137997,0.002,0.002,0.01,0.01,0,0.05,0,0,0.350016,0.01,0.01,0
2017-01-18,0.0217,0.0744727,0.01,0.0136456,0.00833333,0.0139958,0.14063,0.001,9e-04,0.001,0.001,0.03,0.05,0,0,0.341944,0.01,0.01,0
2017-01-19,0.025,0.0554187,0.03,0,0.00833333,0.10258,0.10258,0.003,0.003,1e-04,1e-04,0.05,0.05,0,0,0.331694,0.01,0.01,0
2017-01-20,0.0067,0.0797061,0.01,0.034918,0.00833333,0.147926,0.147926,0.02,0.02,0.001,8e-04,0.03,0.05,0,0,0.292159,0.01,0.01,0
2017-01-21,0.0434,0.152627,0.06,0.0275387,0.00833333,0.019055,0.11276,0.07,0.06,0.02,0.01,0.08,0.13,0.02,0,0.637973,0.25,0.01,0
2017-01-22,0.1969,0.203162,0.05,0.0579899,0.00833333,0.019055,0.320124,0.03,0.02,0.04,0.03,0.26,0.36,0.15,0,0.628659,0.2,0.01,0
2017-01-23,0.1186,0.04459,0.04,0.0347881,0.00833333,0.0144354,0.273314,0.005,0.004,0.008,0.007,0.18,0.26,0.15,0,0.736908,0.1,0.01,0
2017-01-24,0.1049,0.0269668,0.04,0.0445401,0.00833333,0.0144354,0.211049,0.02,0.02,0.003,0.003,0.16,0.26,0.05,0,0.845156,0.1,0.05,0
2017-01-25,0.0935,0.028126,0.03,0.0330013,0.00833333,0.0148748,0.203186,0.02,0.02,0.02,0.02,0.16,0.16,0.05,0,0.548978,0.05,0.01,0
2017-01-26,0.0884,0.0305879,0.06,0.0189776,0.00833333,0.20647,0.20647,0.02,0.02,0.02,0.02,0.09,0.11,0.05,0,0.566949,0.05,0.05,0
2017-01-27,0.0579,0.0435172,0.04,0.0218006,0.00833333,0.193707,0.193707,0.07,0.06,0.01,0.01,0.07,0.1,0.05,0,0.367788,0.05,0.05,0
2017-01-28,0.0423,0.0435192,0.03,0.0103058,0.00833333,0.0144354,0.118935,0.02,0.01,0.01,0.009,0.05,0.1,0.05,0,0.44456,0.05,0.01,0
2017-01-29,0.0199,0.0496534,NA,0.0117594,0.00833333,0.0139958,0.115795,0.02,0.02,7e-04,5e-04,0.05,0.1,0.05,0,0.856017,0.05,0.01,0
2017-01-30,0.0109,0.0152912,NA,0.034918,0.00833333,0.0186175,0.0751303,0.001,0.001,6e-04,5e-04,0,0.05,0.05,0,0.195938,0.01,0.01,0
2017-01-31,0.0109,0.0283366,NA,0.00874545,0.00833333,0.0186175,0.108076,0.003,0.002,7e-04,5e-04,0.01,0.04,0,0,0.39487,0.01,0.02,0
2017-02-01,0.0174,NA,0.02,0.0331668,0.00833333,0.0232174,0.12604,0.003,0.002,0.004,0.003,0.03,0.04,0,0,0.373807,0.01,0.02,0
2017-02-02,0.0402,0.0600415,0.05,0.022536,0.00833333,0.0236529,0.14413,0.006,0.004,0.004,0.003,0.11,0.1,0,0,0.323713,0.01,0.02,0
2017-02-03,0.0402,0.0721,0.02,0.0120637,0.00833333,0.0186175,0.0775458,0.006,0.005,1e-04,1e-04,0.05,0.11,0,0,0.276106,0.01,0.1,0
2017-02-04,0.0303,0.0140483,0,0.0103514,0.00833333,0.0186175,0.0806963,0.01,0.009,1e-04,0,0.02,0.07,0,0,1,0.01,0.15,0
2017-02-05,0.012,0.0135512,0,0.0103935,0.00833333,0.00513096,0.0963279,9e-04,7e-04,5e-04,4e-04,0,0.04,0,0,0.894506,0.01,0.1,0
2017-02-06,0.0098,0.0135512,0,0.034918,0.00833333,0.0685277,0.0685277,NA,0,NA,NA,0,0.02,0,0,NA,0.01,0.01,0
2017-02-07,0.0087,0.0323488,0.01,0.0110556,0.00833333,0.00468722,0.0397906,0,0,1e-04,1e-04,0,0.01,0,0,0.102556,0.01,0.03,0
2017-02-08,0.0032,0.0135512,0,0,0.00833333,0.00468722,0.050753,0.003,0.002,NA,NA,0,0.01,0,0,0.0933827,0.01,0.02,0
2017-02-09,NA,0.02,0.02,0.0361359,0.00833333,0.00935247,0.0489776,0.008,0.006,0,0,-0.01,-0.01,0,0,NA,0.01,0.01,0
2017-02-10,NA,0.034,0.01,0.0175367,0.00833333,0.00935247,0.110614,0,0,0,0,0.08,0.07,0.05,0,0.224284,0.01,0.05,0
2017-02-11,0.0838,0.0453837,0.05,0.00193572,0.00833333,0.00935247,0.0993551,0.002,0.002,0.003,0.002,0.15,0.17,0,0,0.02,0.01,0.02,0
2017-02-12,0.0838,0.0654,0.02,0.0126703,0.00833333,0.0675175,0.0675175,0,0,3e-04,3e-04,0.1,0.17,0,0,NA,0.01,0.01,0
2017-02-13,0.0838,0.0135512,NA,NA,0.00833333,0.00935247,0.120042,NA,NA,5e-04,4e-04,0.1,0.17,0,0,0.224284,0.01,0.01,0
2017-02-14,0.0109,0.0205,0.02,0.00782414,0.00833333,0.00935247,0.0672998,0.003,0.002,0.003,0.002,0,0.03,0,0,0.177593,0.01,0.01,0
2017-02-15,0.0109,0.0144389,0.01,0,0.00833333,0.00513096,0.0335136,0.01,0.008,3e-04,2e-04,0,0.03,0,0,NA,0.01,0.01,0
2017-02-16,0.0032,0.0201,0.01,0,0.00833333,0.00935247,0.0486094,0,0,0,0,0,0.02,0,0,0.121728,0.01,0.01,0
2017-02-17,0.0032,0.0144389,0.01,0,0.00833333,0.00468722,0.0445379,8e-04,6e-04,0,0,0,0.02,0,0,NA,0.01,0.01,0
2017-02-18,0.0085,0.0135512,0.02,0.00979389,0.00833333,0.00468722,0.0285282,6e-04,5e-04,3e-04,2e-04,0,0.02,0,0,0.102556,0.01,0.01,0
2017-02-19,0.0055,0.0135512,0,0,0.00833333,0.00935247,0.0158283,0,0,0,0,0.01,0.01,0,0,0.121728,0.01,0.01,0
2017-02-20,0.0065,0.0135512,0.01,0.034918,0.00833333,0.0139958,0.0408982,0.009,0.007,0,0,0,0.02,0,0,0.205628,0.01,0.05,0
2017-02-21,0.0379,0.0815921,0.03,0.0118206,0.00833333,0.00979413,0.0576974,0.3,0.2,0.01,0.01,0.08,0.07,0.05,0,0.343895,0.05,0.01,0
2017-02-22,0.0231,0.0575355,0.01,0.0139859,0.00833333,0.00979413,0.119165,0.2,0.2,0.03,0.02,0.04,0.07,0.05,0,0.271802,0.05,0.05,0
2017-02-23,0.0199,0.0344225,0.02,0.0206427,0.00833333,0.0286876,0.131953,0.06,0.05,0.02,0.02,0.01,0.07,0.05,0,0.271802,0.01,0.05,0
2017-02-24,0.0109,0.0144389,0.01,0.0127587,0.00833333,0.0283891,0.101122,0.02,0.02,0.02,0.01,0,0.03,0.05,0,0.205111,0.05,0.03,0
2017-02-25,0.0109,0.0575488,0,0,0.00833333,0.0216649,0.141323,0.001,0.001,0.002,0.001,0.01,0.04,0,0,0.291016,0.01,0.05,0
2017-02-26,0.0162,0.05522,0.02,0.0115972,0.00833333,0.100136,0.100136,0.002,0.002,0.001,8e-04,0,0.04,0,0,NA,0.01,0.01,0
2017-02-27,0.0109,0.0439723,0.02,0.00956202,0.00833333,0.106361,0.106361,0.005,0.004,8e-04,7e-04,0.03,0.04,0,0,0.221754,0.01,0.01,0
2017-02-28,0.0161,0.148979,0.05,0.0279254,0.00833333,0.118291,0.118291,0.04,0.03,0.008,0.007,0.02,0.05,0,0,0.483741,0.01,0.03,0
2017-03-01,0.0249,0.0608064,0.03,0.0105726,0.00833333,0.0144354,0.156292,0.03,0.03,0.02,0.02,0.02,0.07,0.05,0,0.41812,0.01,0.03,0
2017-03-02,0.0085,0.196691,0.04,0.0112649,0.00833333,0.0139958,0.169971,0.007,0.006,0.007,0.006,0.01,0.1,0,0,0.578681,0.01,0.01,0
2017-03-03,0.0141,0.294969,0.02,0.0109839,0.00833333,0.133465,0.133465,0.01,0.01,0.003,0.003,0.02,0.05,0,0,0.334637,0.01,0.01,0
2017-03-04,0.0141,0.0135512,0,0,0.00833333,0.0186175,0.0638981,7e-04,6e-04,4e-04,4e-04,0.01,0.04,0,0,NA,0.01,0.01,0
2017-03-05,NA,0.0144389,0,0,0.00833333,0.0139958,0.0528193,0.002,0.001,4e-04,3e-04,-0.01,-0.01,0,0,NA,0.01,0.01,0
2017-03-06,NA,0.0169389,0,0,0.00833333,0.00513096,0.0497474,0,0,0,0,0,0.01,0,0,NA,0.01,0.01,0
2017-03-07,NA,0.0169389,0,0,0.00833333,0.03812,0.03812,0,0,0,0,-0.01,-0.01,0,0,NA,0.01,0.01,0
2017-03-08,0,0.0169389,0,0,0.00833333,0.00513096,0.0518172,0,0,NA,NA,-0.01,-0.01,0,0,NA,0.01,0.01,0
2017-03-09,0,0.0135512,0,0,0.00833333,0.00468722,0.0216068,NA,0,NA,NA,-0.01,-0.01,0,0,NA,0.01,0.01,0
2017-03-10,0,0.0135512,0,0,0.00833333,0.000445831,0.0210996,0,0,NA,NA,-0.01,-0.01,0,0,NA,0.01,0.01,0
2017-03-11,0,0.0420551,0,0,0.00833333,0.00468722,0.00892857,NA,NA,NA,NA,-0.01,-0.01,0,0,NA,0.01,0.01,0
2017-03-12,0,0.0135512,0,0,0.00833333,0.00892857,0.00892857,NA,NA,NA,NA,-0.01,-0.01,0,0,NA,0.01,0.01,0
2017-03-13,0,0.0135512,0,0,0.00833333,0.00892857,0.00892857,NA,NA,NA,NA,-0.01,-0.01,0,0,NA,0.01,0.01,0
2017-03-14,0,0.0135512,0,0,0.00833333,0.00892857,0.00892857,NA,NA,NA,NA,-0.01,-0.01,0,0,NA,0.01,0,0
2017-03-15,0,0.0385,0.01,0,0.00833333,0.00892857,0.00892857,NA,NA,NA,NA,-0.01,-0.01,0,0,NA,0.01,0,0
2017-03-16,0,0.0135512,0,0,0.00833333,0.00892857,0.00892857,0,0,NA,NA,-0.01,-0.01,0,0,NA,0.01,0,0
2017-03-17,0,0.0135512,0,0,0.00833333,0.000445831,0.00892857,0,0,NA,NA,-0.01,-0.01,0,0,NA,0.01,0,0
2017-03-18,0,0.0135512,0,0,0.00833333,0.000445831,0,0,0,NA,NA,-0.01,-0.01,0,0,NA,0.01,0.01,0
2017-03-19,0,0.0135512,0,0,0.00833333,0,0,0,0,NA,NA,-0.01,-0.01,0,0,NA,0.01,0,0
2017-03-20,0,0.0135512,0,0,0.00833333,0,0,0,0,NA,NA,-0.01,-0.01,0,0,NA,0.01,0,0
2017-03-21,0,0.0135512,0,0,0.00833333,0,0,NA,NA,NA,NA,-0.01,-0.01,0,0,NA,0.01,0.01,0
2017-03-22,NA,0.0144389,0.01,0.034918,0.00833333,0.00513096,0.0182926,0,0,NA,NA,0,0.01,0,0,NA,0.01,0.01,0
2017-03-23,0,0.0140483,0.01,0,0.00833333,0.0157781,0.0157781,6e-04,5e-04,0.002,0.002,0,0.03,0,0,0.130901,0.01,0.01,0
2017-03-24,0,0.0201,0.01,0,0.00833333,0.000891464,0.0157712,0,0,0,0,0,0.01,0,0,0.130901,0.01,0.01,0
2017-03-25,0,0.0140128,0,0,0.00833333,0.00513096,0.0159261,1e-04,1e-04,NA,NA,0,0.01,0,0,0.102556,0.01,0.01,0
2017-03-26,0.0032,0.105513,0,0.0165749,0.00833333,0.0055745,0.0156548,0,0,0,0,0,0.01,0,0,0.0375185,0.01,0.01,0
2017-03-27,0.0348,0.0473957,0.04,0.0647482,0.00833333,0.0144354,0.0871918,0.1,0.1,0,0,0.08,0.07,0.05,0,0.271802,0.01,0.01,0
2017-03-28,0.1302,0.0950525,0.05,0.112098,0.00833333,0.0186175,0.169602,0.2,0.2,0.1,0.08,0.17,0.2,0.15,0,0.390691,0.15,0.05,0
2017-03-29,0.1125,0.043561,0.04,0.0331866,0.00833333,0.168918,0.168918,0.09,0.07,0.05,0.04,0.39,0.28,0.1,0,0.430067,0.1,0.15,0
2017-03-30,0.082,0.0542665,0.03,0.0396426,0.00833333,0.0186175,0.27294,0.007,0.006,0.04,0.03,0.07,0.21,0.1,0,0.381531,0.1,0.1,0
2017-03-31,0.194421,0.608588,0.07,0.0243944,0,0.0144354,0.227374,0.04,0.03,0.07,0.06,0.04,0.4,0.1,0,0.478237,0.1,0.1,0
2017-04-01,0.493402,0.614358,0.08,0.0408535,0,0.10601,0.234301,0.1,0.09,0.1,0.09,0.05,0.87,0.2,0,0.554122,0.2,0.05,1
2017-04-02,0.496231,0.502103,0.224481,0.444179,0.00833333,0.534642,0.223951,0.6,0.7,0.2,0.4,0.77,0.88,0.27,1,0.562775,0.6,0.05,1
2017-04-03,0.69254,0.870006,0.28,0.38011,0.0166667,0.78457,0.498029,0.98,0.96,0.3,0.2,0.79,0.96,0.4,1,0.527793,0.75,0.6,1
2017-04-04,0.750194,0.838576,0.16,0.157301,0.025,0.741531,0.182263,0.3,0.3,0.2,0.2,0.95,0.98,0.6,1,0.698349,0.65,0.65,0
2017-04-05,0.360203,0.160851,0.14,0.0858043,0.025,0.091835,0.261001,0.3,0.3,0.2,0.1,0.77,0.88,0.4,0,0.499488,0.35,0.5,0
2017-04-06,0.67402,0.155095,0.195257,0.034918,0.025,0.0432933,0.191262,0.2,0.2,0.05,0.04,0.8,0.84,0.15,0,NA,0.25,0.3,0
2017-04-07,0.395305,0.0435295,0.01,0.00983372,0.025,0.0371817,0.0872667,0.1,0.1,4e-04,3e-04,0.79,0.85,0.15,0,0.0933827,0.2,0.3,0
2017-04-08,0.0199,0.0135512,0,0,0.025,0.014043,0.0330949,NA,NA,1e-04,1e-04,0.03,0.04,0.05,0,NA,0.1,0.2,0
2017-04-09,NA,0.0144389,0,0,0.025,0.00468722,0.0368028,0.001,0.001,0.001,0.001,-0.01,-0.01,0,0,NA,0.01,0.1,0
2017-04-10,NA,0.0419863,0.01,0.034918,0.025,0.00513096,0.0349966,0,0,0,0,0.01,0.02,0,0,NA,0.01,0.01,0
2017-04-11,0.0217,0.0419863,0.01,0.0117036,0.025,0.00935247,0.0434179,0.08,0.07,0.004,0.003,0.01,0.03,0,0,0.215111,0.01,0.01,0
2017-04-12,0.0217,0.0202,0.01,0.0115853,0.025,0.00935247,0.0440504,0.02,0.02,0.004,0.003,0.02,0.03,0,0,0.149247,0.01,0.01,0
2017-04-13,0.0109,0.0278457,0.01,0,0.025,0.00468722,0.0451693,2e-04,2e-04,0,0,0,0.03,0,0,0.0842099,0.01,0.01,0
2017-04-14,0.0109,0.029564,NA,0.0131048,0.025,0.0235389,0.0235389,0.002,0.002,6e-04,5e-04,0,0.03,0,0,NA,0.01,0.01,0
2017-04-15,0,0.0283016,0,0,0.025,0.00468722,0.0186465,3e-04,3e-04,0,0,0,0.01,0,0,0.149247,0.01,0.01,0
2017-04-16,0.0032,0.0140128,0,0,0.025,0.00468722,0.0221268,0,0,0,0,0,0.01,0,0,0.121728,0.01,0.01,0
2017-04-17,NA,0.0135512,0,0,0.025,0.00468722,0.017877,0,0,0,0,-0.01,-0.01,0.1,0,NA,0.1,0.01,0
2017-04-18,0,0.0135512,0,0,0.025,0.00935247,0.0309249,0,0,NA,NA,-0.01,-0.01,0.18,0,NA,0.1,0.2,0
2017-04-19,NA,0.0326,0.01,0.034918,0.025,0.0144354,0.0600102,0,0,NA,NA,0.04,0.07,0.2,0,NA,0.1,0.25,0
2017-04-20,0.0317,0.044884,0.02,0.0334329,0.025,0.0139958,0.135577,0.2,0.2,0.02,0.02,0.09,0.07,0.2,0,0.290975,0.1,0.3,0
2017-04-21,0.0317,0.0768797,0.02,NA,0.025,0.0139958,0.0971854,0.06,0.05,0.02,0.02,0.05,0.07,0.15,0,0.295294,0.1,0.1,0
2017-04-22,0.025,0.0701358,0.02,0.0130342,0.025,0.121102,0.121102,0.07,0.06,0.01,0.009,0.04,0.07,0.1,0,0.38556,0.01,0.02,0
2017-04-23,0.025,0.0949973,0.02,0.0163702,0.025,0.164826,0.164826,0.03,0.02,0.02,0.01,0.02,0.05,0.1,0,0.437314,0.01,0.05,0
2017-04-24,0.0196,0.136231,0.05,0.0127739,0.025,0.0112071,0.0112071,0.03,0.03,0.02,0.01,0,0.07,0.1,0,0.433243,0.01,0.02,0
2017-04-25,0.0121,0.0951123,0.02,0.0125203,0.025,0.0112071,0.0112071,0.002,0.001,0.002,0.001,0,0.07,0,0,0.539106,0.01,0.01,0
2017-04-26,0.0066,0.0826116,0.02,0,0.025,0.158087,0.158087,0.001,8e-04,6e-04,5e-04,0.01,0.07,0,0,NA,0.01,0.01,0
2017-04-27,0.0032,0.0548322,0.01,0,0.025,0.0139958,0.164786,0.002,0.001,6e-04,5e-04,0.02,0.07,0,0,0.310317,0.01,0.01,0
2017-04-28,0.0066,0.0715775,0.01,0,0.025,0.075462,0.075462,0.02,0.01,0.003,0.002,0.01,0.05,0,0,0.259902,0.01,0.01,0
2017-04-29,0.0032,0.0743969,0.01,0,0.025,0.0139958,0.0752847,0,0,0.004,0.003,0.02,0.07,0,0,NA,0.01,0.01,0
2017-04-30,0.0032,0.0884939,0.01,0.034918,0.025,0.0139958,0.0687375,0,0,0,0,0,0.07,0,0,0.249895,0.01,0.01,0
2017-05-01,0.0032,0.0140838,0.01,0,0.025,0.00935247,0.0586398,0,0,1e-04,1e-04,0,0.04,0,0,0.223776,0.01,0.01,0
2017-05-02,0.0032,0.0385,0.01,0.0100111,0.025,0.00935247,0.055477,0.02,0.02,0,0,0,0.01,0,0,0.130901,0.01,0.05,0
2017-05-03,0.0348,0.0333,0.01,0.0152774,0.025,0.00935247,0.0807086,0,0,0,0,0.18,0.07,0,0,0.224284,0.01,0.05,0
2017-05-04,0.0231,0.0274589,0.01,0,0.025,0.00468722,0.06249,0,0,1e-04,1e-04,0.04,0.07,0,0,0.186765,0.01,0.05,0
2017-05-05,0.0253,0.0646573,0.04,0,0.025,0.00935247,0.0913446,0.009,0.007,3e-04,2e-04,0.02,0.08,0,0,0.282092,0.01,0.05,0
2017-05-06,0.0109,0.0274941,0,0.0154591,0.025,0.00935247,0.00748545,0.006,0.005,0.008,0.006,0,0.08,0,0,0.24047,0.01,0.05,0
2017-05-07,0.0053,0.0279856,0.02,0,0.025,0.00935247,0.00748545,0.008,0.007,0.002,0.002,0,0.04,0,0,0.23249,0.01,0.05,0
2017-05-08,0.0055,0.029599,0.02,0.034918,0.025,0.00935247,0.00748545,2e-04,2e-04,2e-04,1e-04,0.01,0.03,0,0,0.0933827,0.01,0.02,0
2017-05-09,0.0087,0.0135512,0,0,0.025,0.00935247,0.0330499,0,0,NA,NA,0,-0.01,0,0,NA,0.01,0.01,0
2017-05-10,NA,0.0135512,0,0,0.025,0.000445831,0,0,0,NA,NA,-0.01,-0.01,0,0,NA,0.01,0.01,0
2017-05-11,0,0.0144389,0,0,0.025,0.00468722,0.0149878,NA,0,NA,NA,-0.01,-0.01,0,0,NA,0.01,0.01,0
2017-05-12,0,0.0300537,0,0,0.025,0.0157993,0.0157993,NA,NA,NA,NA,-0.01,-0.01,0,0,NA,0.01,0.01,0
2017-05-13,0,0.0300537,0,0,0.025,0.0188519,0.0188519,NA,NA,NA,NA,-0.01,-0.01,0,0,NA,0.01,0.01,0
2017-05-14,0,0.0135512,0,0,0.025,0.00468722,0.0063593,0,0,NA,NA,-0.01,-0.01,0,0,NA,0.01,0.01,0
2017-05-15,0,0.0135512,0,0,0.025,0.00468722,0.0063593,0,0,NA,NA,-0.01,-0.01,0,0,NA,0.01,0.01,0
2017-05-16,0,0.0702851,0,0.034918,0.025,0.00513096,0,0,0,NA,NA,-0.01,-0.01,0,0,NA,0.01,0.01,0
2017-05-17,NA,0.0140483,0.01,0,0.025,0.00935247,0.0306389,0,0,NA,NA,0,0.01,0,0,0.190135,0.01,0.01,0
2017-05-18,0.0141,0.0140483,0.01,0,0.025,0.0139958,0.0307724,0.02,0.02,0,0,0,0.03,0,0,NA,0.01,0.01,0
2017-05-19,0.0088,0.0274941,0,0,0.025,0.0186175,0.0644988,0,0,0,0,0,0.04,0,0,NA,0.01,0.01,0
2017-05-20,0.0088,0.0279856,0,0,0.025,0.0277958,0.0514951,0,0,NA,NA,0,0.04,0,0,NA,0.01,0.01,0
2017-05-21,0.0034,0.0283366,0.01,0,0.025,0.0240882,0.0653008,0,0,0,0,0.03,0.04,0,0,NA,0.01,0.01,0
2017-05-22,0.0349,0.0564368,0.02,0.0139483,0.025,0.0240882,0.0928418,0,0,0,0,0.08,0.11,0,0,NA,0.01,0.01,0
2017-05-23,0.0138,0.0564876,0.03,0.0142048,0.025,0.015314,0.0970737,0.002,0.002,0.001,0.001,0.01,0.07,0,0,NA,0.01,0.02,0
2017-05-24,0.0119,0.0140483,0,0,0.025,0.0896692,0.0896692,0.006,0.005,3e-04,2e-04,0.01,0.01,0,0,NA,0.01,0.03,0
2017-05-25,0.0171,0.0642,0.02,0.0132572,0.025,0.109778,0.109778,0.003,0.003,0.008,0.007,0,0.02,0,0,NA,0.01,0.03,0
2017-05-26,0.0282,0.0206,0.03,0.0257959,0.025,0.0194923,0.109471,0.002,0.002,0.02,0.02,0,0.12,0,0,NA,0.05,0.01,0
2017-05-27,0.0838,0.0324,0.03,0.0318449,0.025,0.00601785,0.136952,0.1,0.1,0.05,0.04,0.24,0.17,0.05,0,NA,0.05,0.01,0
2017-05-28,0.0838,0.0135512,0.01,0.0870992,0.025,0.0102356,0.162481,0.3,0.2,0.08,0.07,0.1,0.17,0.05,0,NA,0.05,0.1,0
2017-05-29,0.0317,0.0203,0.08,0.034918,0.025,0.0298263,0.0391805,0.2,0.2,0,0,0.07,0.07,0.05,0,NA,0.05,0.1,0
2017-05-30,0.0199,0.0135512,0,0,0.025,0.0218141,0.0398126,0,0,0,0,0.04,0.07,0.05,0,NA,0.01,0.05,0
2017-05-31,NA,0.0135512,0,0,0.025,0.00468722,0.0063593,0,0,0,0,-0.01,0.07,0,0,NA,0.01,0.01,0
2017-06-01,NA,0.0144389,0,0,0.025,0.0081111,0.0081111,0,0,0,0,0,0.01,0.05,0,NA,0.15,0.01,0
2017-06-02,0.1052,0.0140483,0.02,0.034918,0.025,0.0379761,0.0379761,0.6,0.6,0.006,0.005,0,0.12,0.15,0,NA,0.15,0.15,0
2017-06-03,0.06,0.0135512,0.03,0.0546305,0.025,0.0896731,0.0896731,0.5,0.4,0.08,0.06,0,0.07,0.15,0,NA,0.15,0.15,0
2017-06-04,0.0655,0.0201,0,0.0213472,0.025,0.0883942,0.0883942,0.1,0.1,0.06,0.05,0.12,0.13,0.2,0,NA,0.15,0.15,0
2017-06-05,0.0655,0.0638,0.01,0.0464202,0.025,0.112915,0.112915,0.02,0.02,0.03,0.02,0.1,0.13,0.1,0,NA,0.1,0.1,0
2017-06-06,0.0655,0.02,0.02,0.0367598,0.025,0.0381945,0.0960819,0.01,0.01,0.02,0.02,0.1,0.13,0.1,0,NA,0.05,0.15,0
2017-06-07,0.0217,0.0385,0.01,0.0121365,0.025,0.00935247,0.0513073,0.002,0.001,0.004,0.003,0,0.03,0,0,NA,0.01,0.05,0
2017-06-08,0.0034,0.0135512,0.01,0,0.025,0.0149903,0.0497149,8e-04,6e-04,9e-04,7e-04,0.03,0.03,0,0,NA,0.01,0.1,0
2017-06-09,0.0032,0.0287224,0,0,0.025,0.00979413,0.0249362,0.001,9e-04,0.001,9e-04,0,0.01,0,0,NA,0.01,0.05,0
2017-06-10,NA,0.0135512,0,0,0.025,0.00935247,0.0198323,0.002,0.001,1e-04,1e-04,-0.01,-0.01,0,0,NA,0.01,0.01,0
2017-06-11,0,0.0135512,0,0,0.025,0.00979413,0.0172369,0,0,0,0,-0.01,-0.01,0,0,NA,0.01,0.01,0
2017-06-12,0,0.0135512,0,NA,0.025,0.00935247,0.0138842,0,0,NA,NA,-0.01,-0.01,0,0,NA,0.01,0.01,0
2017-06-13,0,0.0135512,0,0,0.025,0.00468722,0.0158838,NA,NA,NA,NA,-0.01,-0.01,0,0,NA,0.01,0.01,0
2017-06-14,NA,0.0141193,0,0.034918,0.025,0.00935247,0.0237689,0,0,NA,NA,0,0.03,0,0,NA,0.01,0.01,0
2017-06-15,0,0.0280558,0.02,0.0575108,0.025,0.0139958,0.0316158,NA,0.002,0.008,0.007,0,0.03,0,0,NA,0.01,0.01,0
2017-06-16,0.0199,0.0141549,0.03,0.0160149,0.025,0.132121,0.132121,0.005,0.004,0.01,0.01,0.04,0.1,0,0,NA,0.01,0.01,0
2017-06-17,0.0199,0.0448303,0.02,0.0119088,0.025,0.0194923,0.128544,0.001,8e-04,0.002,0.002,0.01,0.1,0,0,NA,0.01,0.01,0
2017-06-18,0.0199,0.0421591,0.01,0.0313068,0.025,0.015753,0.0904675,5e-04,4e-04,0.004,0.003,0.01,0.1,0,0,NA,0.01,0.01,0
2017-06-19,0.0199,0.0279505,0,0.0125098,0.025,0.0115588,0.12376,0.01,0.01,0.009,0.007,0.01,0.1,0,0,NA,0.01,0.01,0
2017-06-20,0.0109,0.0313697,0.02,0,0.025,0.0148748,0.0976245,0.004,0.003,0.002,0.002,0,0.05,0,0,NA,0.01,0.05,0
2017-06-21,0.0109,0.0608755,0.02,0.034918,0.025,0.107013,0.107013,0.004,0.003,4e-04,3e-04,0.03,0.08,0,0,NA,0.01,0.01,0
2017-06-22,0,0.0294599,0.01,0.0259881,0.025,0.089066,0.089066,0.04,0.03,0.01,0.01,0,0.08,0.02,0,NA,0.01,0.03,0
2017-06-23,0,0.0274589,0.01,0,0.025,0.0905994,0.0905994,0.02,0.01,0.008,0.006,0,0.05,0,0,NA,0.01,0.01,0
2017-06-24,0,0.0421252,0.01,0,0.025,0.00935247,0.0851366,0.001,0.001,0.007,0.006,0,0.04,0,0,NA,0.01,0.01,0
2017-06-25,0.0141,0.0653,0.02,0.0198298,0.025,0.00468722,0.0897975,0.005,0.004,0.009,0.008,0,0.03,0,0,0.25263,0.01,0.01,0
2017-06-26,0.0141,0.0762925,0.02,0.0302287,0.025,0.00935247,0.0908433,0.002,0.001,0.006,0.005,0,0.03,0,0,NA,0.01,0.05,0
2017-06-27,0.0282,0.0668,0.01,0.03526,0.025,0.00468722,0.0894617,0.01,0.01,0.01,0.01,0,0.12,0,0,NA,0.01,0.01,0
2017-06-28,0.0282,0.0569263,0.03,0.0104829,0.025,0.00468722,0.0756954,0.002,0.002,0.002,0.002,0,0.12,0,0,0.140074,0.01,0.01,0
2017-06-29,0.0109,0.0280558,0.01,0.0127003,0.025,0.00468722,0.0595771,0.001,8e-04,0.002,0.002,0,0.03,0,0,0.233457,0.01,0.01,0
2017-06-30,0.0109,0.0141549,0,0,0.025,0.0364575,0.0364575,0.01,0.01,0.004,0.003,0,0.03,0,0,0.186765,0.01,0.01,0
2017-07-01,0,0.0385,0,0,0.025,0.00513096,0.028429,0.01,0.01,0.003,0.002,0,0.03,0,0,0.15842,0.01,0.01,0
2017-07-02,0,0.0135512,0,0.034918,0.025,0.0055745,0.0190548,NA,NA,NA,NA,0,0.03,0,0,NA,0.01,0.01,0
2017-07-03,0,0.0135512,0,0,0.025,0.00601785,0.0161932,0,0,NA,NA,0,0.03,0,0,NA,0.01,0.01,1
2017-07-04,NA,0.0135512,0,0,0.0333333,0.0063593,0.0063593,NA,0,NA,NA,-0.01,-0.01,0,0,NA,0.01,0.05,0
2017-07-05,0,0.0135512,0,0,0.0333333,0.00513096,0.0149471,NA,0,NA,NA,-0.01,-0.01,0,0,NA,0.01,0.1,0
2017-07-06,NA,0.0142969,0.01,0.034918,0.0333333,0.0055745,0.0402457,0,0,NA,NA,0,0.03,0,0,NA,0.01,0.01,0
2017-07-07,0.0317,0.228,0.07,0.034918,0.0333333,0.00468722,0.0663854,0.1,0.1,0.06,0.05,0.22,0.07,0.02,0,0.348494,0.05,0.01,0
2017-07-08,0.454339,0.0217,NA,0.106312,0.0333333,0.0511326,0.162538,0.2,0.2,0.1,0.09,0.76,0.85,0.1,0,0.290975,0.15,0.05,0
2017-07-09,0.454339,0.0252,0.120689,0.122722,0.0333333,0.00468722,0.145608,0.3,0.2,0.2,0.1,0.74,0.85,0.2,1,0.357667,0.25,0.1,1
2017-07-10,0.454339,0.0218,0.14,0.509428,0.0416667,0.2639,0.121031,0.3,0.5,0.3,0.5,0.74,0.85,0.3,0,0.357667,0.3,0.5,0
2017-07-11,0.327803,0.0222,0.120689,0.0565745,0.0416667,0.0588828,0.151202,0.1,0.3,0.1,0.3,0.74,0.85,0.25,0,0.348494,0.25,0.5,0
2017-07-12,0.327803,0.0135512,0.08,0.03869,0.0416667,0.0694059,0.149048,0.05,0.2,0.06,0.2,0.74,0.85,0.2,0,0.338494,0.25,0.5,0
2017-07-13,0.0053,0.0135512,0.0853443,0.0383591,0.0416667,0.206724,0.206724,0.04,0.2,0.06,0.2,0.31,0.47,0.2,0,0.538894,0.15,0.5,0
2017-07-14,0.2631,0.316671,0.03,0.0754955,0.0416667,0.0148748,0.222219,0.1,0.1,0.09,0.07,0,0.47,0.2,1,0.530919,0.3,0.2,1
2017-07-15,0.33337,0.0135512,0.103016,0.378983,0.05,0.10525,0.10525,0.3,0.5,0.1,0.3,0.77,0.85,0.25,0,0.340486,0.3,0.35,0
2017-07-16,0.186663,0.0151137,0.03,0.0835708,0.05,0.0546914,0.0546914,0.2,0.4,0.07,0.3,0,0.33,0.25,0,0.540579,0.3,0.3,0
2017-07-17,0.0695433,0.0185,0.0376722,0.034918,0.05,0.0720902,0.0668509,0.6,0.7,1e-04,1e-04,0.17,0.25,0.25,0,0.111728,0.2,0.2,0
2017-07-18,0.0675,0.0135512,0,0,0.05,0.0257864,0.0323912,0,0,NA,NA,0,0.05,0.1,0,NA,0.2,0.25,0
2017-07-19,NA,0.0135512,0,0,0.05,0.000445831,0.0350843,0,0,NA,NA,-0.01,-0.01,0.05,0,NA,0.05,0.2,0
2017-07-20,0,0.0135512,0,0,0.05,0.00935247,0.0063593,0,0,NA,NA,-0.01,-0.01,0,0,NA,0.01,0.01,0
2017-07-21,0,0.0135512,0,0,0.05,0.0055745,0.0279694,0,0,NA,NA,-0.01,-0.01,0,0,NA,0.01,0.01,0
2017-07-22,0,0.0135512,0,0,0.05,0.00513096,0.0177774,0,0,0,0,-0.01,-0.01,0,0,NA,0.01,0.01,0
2017-07-23,0,0.0135512,0,NA,0.05,0.0055745,0.0177774,NA,NA,0,0,-0.01,-0.01,0,0,NA,0.01,0.01,0
2017-07-24,0,0.0135512,0,0,0.05,0.00513096,0.0177774,0,0,NA,NA,-0.01,-0.01,0,0,NA,0.01,0.01,0
2017-07-25,0,0.0135512,0,0,0.05,0.00513096,0.0177774,0,0,NA,NA,-0.01,-0.01,0,0,NA,0.01,0.01,0
2017-07-26,NA,0.0135512,0,0,0.05,0.00979413,0.0161821,0,0,0,0,0,0.01,0,0,0.0933827,0.01,0.01,0
2017-07-27,NA,0.0135512,0,0,0.05,0.00979413,0.0157807,0,0,0,0,-0.01,-0.01,0,0,NA,0.01,0.01,0
2017-07-28,0,0.0135512,0,0,0.05,0.00935247,0.0157631,0,0,0,0,-0.01,-0.01,0,0,NA,0.01,0.01,0
2017-07-29,0,0.0135512,0,0,0.05,0.00935247,0.0170076,0,0,0,0,-0.01,-0.01,0,0,NA,0.01,0.01,0
2017-07-30,NA,0.0639,0.01,0.00943403,0.05,0.0139958,0.0341057,0,0,0,0,0,0.01,0.05,0,0.0466914,0.1,0.01,0
2017-07-31,0.0032,NA,0,0,0.05,0.00468722,0.0357848,0,0,NA,NA,0,0.01,0.15,0,0.0466914,0.2,0.05,0
2017-08-01,NA,0.0144389,0,0,0.0416667,0.00468722,0.0173735,0,0,NA,NA,-0.01,-0.01,0.2,0,NA,0.2,0.15,0
2017-08-02,0,0.0135512,0.01,0.034918,0.0333333,0.00935247,0.00374975,0,0,NA,NA,-0.01,-0.01,0.08,0,NA,0.2,0.15,0
2017-08-03,NA,0.0135512,0.01,0.0313496,0.025,0.0139958,0.00748545,0,0,0,0,0.02,0.03,0.08,0,0.271802,0.01,0.1,0
2017-08-04,0,0.0135512,0.01,0.0283096,0.025,0.00935247,0.064083,0.009,0.008,0.02,0.01,0,0.03,0.02,0,0.25263,0.01,0.15,0
2017-08-05,0,0.101296,NA,0.0245681,0.025,0.00468722,0.11821,0.001,0.001,0.007,0.005,0,0.03,0.02,0,0.25263,0.01,0.1,0
2017-08-06,0,0.0386,NA,0,0.025,0.00513096,0.0822573,0.003,0.002,0.007,0.005,0,0.03,0,0,0.233457,0.01,0.05,0
2017-08-07,0,0.0162,NA,0,0.025,0.00513096,0.0939208,0,0,1e-04,1e-04,0,0.03,0,0,0.25263,0.01,0.05,0
2017-08-08,0,0.0441333,0.03,0,0.025,0.00935247,0.119541,2e-04,2e-04,5e-04,4e-04,0,0.03,0,0,0.25263,0.01,0.01,0
2017-08-09,0,0.0299848,0.04,0,0.025,0.120951,0.120951,3e-04,2e-04,7e-04,6e-04,0,0.03,0,0,0.233457,0.01,0.01,0
2017-08-10,0,0.0323,0.03,0,0.025,0.00979413,0.120527,6e-04,5e-04,0.004,0.003,0,0.03,0,0,0.25263,0.01,0.01,0
2017-08-11,0,0.0135512,0.03,0,0.025,0.00468722,0.0971173,0.03,0.02,0.009,0.007,0,0.03,0,0,0.233457,0.01,0.01,0
2017-08-12,0,0.0157,0.01,0.0282528,0.025,0.00468722,0.0575749,0,0,0.01,0.009,0,0.03,0,0,0.300148,0.01,0.01,0
2017-08-13,0,0.0156,0,0.034918,0.025,0.00468722,0.0158372,0.004,0.003,NA,NA,0,0.03,0,0,NA,0.01,0.01,0
2017-08-14,0,0.0135512,0,0,0.025,0.00468722,0.0195508,NA,0,NA,NA,0,0.03,0,0,NA,0.01,0.01,0
2017-08-15,0.0056,0.0213,0.01,0.034918,0.025,0.00468722,0.0504674,0,0,NA,NA,0.02,0.03,0.15,0,NA,0.1,0.02,0
2017-08-16,0.135208,0.342,0.06,0.0326125,0.025,0.00468722,0.111332,0.2,0.2,0.1,0.08,0.22,0.29,0.2,0,0.310148,0.1,0.05,0
2017-08-17,0,0.0943531,0.08,NA,0.025,0.00468722,0.118527,0.2,0.2,0.3,0.2,0,0.74,0.2,0,0.310148,0.1,0.15,0
2017-08-18,0.652755,0.48383,0.05,NA,0.025,0.00468722,0.155501,0.1,0.1,0.2,0.2,0.79,0.84,0.2,0,0.290975,0.1,0.3,0
2017-08-19,0.688798,0.494737,0.05,0.00880453,0.025,0.0704316,0.20405,0.2,0.2,0.2,0.2,0.81,0.84,0.25,0,0.271802,0.1,0.2,0
2017-08-20,0.451221,0.137984,0.14,0.25543,0.025,0.312083,0.312083,0.3,0.2,0.3,0.2,0.81,0.84,0.25,0,0.271802,0.15,0.25,1
2017-08-21,0.484274,0.173347,0.15,0.119519,0.0333333,0.0973938,0.33385,0.3,0.3,0.2,0.2,0.82,0.85,0.4,0,0.25263,0.25,0.25,0
2017-08-22,0.469115,0.211271,0.0930165,0.139047,0.0333333,0.0671506,0.326012,0.4,0.3,0.2,0.2,0.82,0.85,0.4,0,0.502414,0.25,0.75,0
2017-08-23,0.3265,0.233919,0.05,0.0749035,0.0333333,0.0169159,0.0169159,0.2,0.2,0.2,0.1,0.04,0.68,0.4,0,0.472033,0.15,0.75,0
2017-08-24,0.1813,0.254,0.18,0.0544684,0.0333333,0.0670143,0.209802,0.2,0.2,0.08,0.07,0,0.73,0.2,0,0.441519,0.15,0.15,0
2017-08-25,0.1813,0.615625,0.177585,0.0170973,0.0333333,0.0585702,0.174002,0.2,0.2,0.05,0.04,0.18,0.73,0.2,0,0.461674,0.15,0.19,0
2017-08-26,0.146395,0.125156,0.05,0.0205671,0.0333333,0.0272701,0.166204,0.02,0.02,0.02,0.01,0.46,0.54,0.15,0,0.25263,0.15,0.01,0
2017-08-27,0.151,0.0449855,0.02,0.0122163,0.0333333,0.00935247,0.129301,0.02,0.02,0.009,0.007,0.54,0.54,0.1,0,0.25263,0.15,0.3,0
2017-08-28,0.0347,0.07336,0,0,0.0333333,0.0116826,0.0401363,NA,NA,0.002,0.002,0,0.14,0.1,0,0.233457,0.1,0.4,0
2017-08-29,0.0324,0.0657195,0.01,0.034918,0.0333333,0.00935247,0.00892857,0.002,0.002,0.005,0.004,0.09,0.03,0.1,0,0.195938,0.1,0.01,0
2017-08-30,0.254796,0.163556,0.0376722,0.0190286,0.0333333,0.0186175,0.136436,0.05,0.04,0.008,0.007,0.21,0.3,0.1,0,0.382281,0.1,0.01,0
2017-08-31,0.180781,0.194977,0.130689,0.0727389,0.0333333,0.0186175,0.119946,0.3,0.3,0.2,0.1,0.01,0.31,0.25,0,0.711942,0.1,0.01,0
2017-09-01,0.1525,0.502998,0.08,0.115592,0.0333333,0.019055,0.244224,0,0,0.2,0.2,0.21,0.26,0.1,0,0.527338,0.1,0.05,0
2017-09-02,0.5055,0.206287,0.14,0.0543889,0.0333333,0.0741876,0.387778,NA,NA,0.3,0.2,0.22,0.63,0.1,0,0.521273,0.15,0.01,0
2017-09-03,0.8718,0.166192,0.16,0.0916577,0.0333333,0.0650235,0.312635,NA,NA,0.2,0.1,0.02,0.58,0.2,0,0.771575,0.15,0.1,0
2017-09-04,0.0139,0.380247,0.250601,0.270465,0.0333333,0.0245233,0.0274485,NA,NA,0.4,0.3,0.01,0.69,0.25,1,1,0.45,0.01,1
2017-09-05,0.548204,0.622802,0.232153,0.56241,0.0416667,0.0236529,0.739418,NA,NA,0.7,0.6,0.61,0.8,0.65,1,0.756199,0.71,0.45,1
2017-09-06,0.776009,0.732526,0.316722,0.512047,0.05,0.563619,0.476274,NA,NA,0.6,0.7,0.57,0.8,0.55,1,0.250485,0.75,0.65,1
2017-09-07,0.485652,0.945753,0.241377,0.509143,0.0583333,0.146433,0.534017,NA,NA,0.6,0.7,0.9,0.95,0.69685,1,0.266377,0.75,0.7,1
2017-09-08,0.485058,0.675136,0.224481,0.48903,0.0666667,1,0.546405,NA,NA,0.3,0.5,0.85,0.89,0.561417,1,0.307163,0.75,0.75,1
2017-09-09,0.4089,0.656214,0.168361,0.0164115,0.075,0.253172,0.253358,NA,NA,0.1,0.2,0.57,0.67,0.5,1,0.179269,0.75,0.75,1
2017-09-10,0.4691,0.18424,0.0653443,0.0087844,0.0833333,0.648046,0.132727,NA,NA,0.001,8e-04,0.67,0.66,0.6,1,0.0283457,0.8,0.75,1
2017-09-11,0.3654,0.0688982,0,0.034918,0.0916667,0.0148748,0.0990882,NA,NA,0,0,0.27,0.3,0.4,1,0.0375185,0.8,0.75,0
2017-09-12,0.0053,0.0439948,0,0,0.0916667,0.0186175,0.131012,NA,NA,0.01,0.01,0,0.04,0.132283,0,0.0558642,0.1,0.01,0
2017-09-13,0,0.0278457,0.01,0.0153306,0.0916667,0.0153649,0.129424,NA,NA,0.01,0.008,0,0.03,0.1,0,0.0558642,0.01,0.01,0
2017-09-14,0,0.0135512,0,0,0.0916667,0.00979413,0.108443,NA,NA,0.001,0.001,0,0.03,0,0,0.0466914,0.01,0.01,0
2017-09-15,0,0.050815,0,0,0.0916667,0.00601785,0.103781,NA,NA,0,0,0,0.03,0,0,0.0466914,0.01,0.01,0
2017-09-16,0,0.0135512,0.01,0,0.0916667,0.0055745,0.0763448,NA,NA,2e-04,1e-04,0,0.03,0,0,0.0466914,0.01,0.01,0
2017-09-17,0,0.0155043,0,0,0.0916667,0.00979413,0.062334,NA,NA,1e-04,0,0,0.03,0,0,0.0466914,0.01,0.01,0
2017-09-18,0.0034,0.0278457,0.01,0,0.0916667,0.00979413,0.0565993,NA,NA,1e-04,1e-04,0.01,0.03,0,0,0.0375185,0.01,0.01,0
2017-09-19,0,0.0141904,0,0,0.0916667,0.006461,0.0573467,NA,NA,0.001,0.001,0.01,0.03,0,0,0.0375185,0.01,0.01,0
2017-09-20,0,0.0141193,0,0,0.0916667,0.0106769,0.0504397,NA,NA,0.002,0.002,0,0.03,0,0,0.0375185,0.01,0.01,0
2017-09-21,0,0.0759984,0,0.034918,0.0916667,0.0194923,0.0398111,NA,NA,0,0,0.01,0.05,0,0,NA,0.01,0.01,0
2017-09-22,0,0.0428175,0.01,0.0329773,0.0916667,0.0232174,0.0430674,NA,NA,0.01,0.01,0,0.05,0,0,0.0558642,0.01,0.01,0
2017-09-23,0,0.0158,0,0,0.0916667,0.0144354,0.0741333,NA,NA,0.007,0.005,0,0.05,0,0,0.0558642,0.15,0.1,0
2017-09-24,0.0109,0.0135512,0,0,0.0916667,0.00601785,0.0914428,NA,NA,0.004,0.003,0,0.03,0.13,0,0.0558642,0.15,0.1,0
2017-09-25,0.016,0.0597647,0.0376722,0.034918,0.0916667,0.0144354,0.12414,0.004,0.004,0.008,0.007,0.01,0.05,0.13,0,0.0658642,0.01,0.05,0
2017-09-26,0.0770652,0.21701,0.0745684,0.0748446,0.0916667,0.0144354,0.164469,0.02,0.01,0.03,0.02,0.08,0.15,0.13,0,0.101807,0.01,0.01,0
2017-09-27,0.0427,0.198835,0.05,0.0444432,0.0916667,0.21205,0.21205,0.03,0.03,0.05,0.04,0,0.12,0.15,0,NA,0.05,0.02,0
2017-09-28,0.0665908,0.179575,0.04,0.0138962,0.0916667,0.019055,0.242573,NA,NA,0.04,0.03,0.06,0.15,0.05,0,NA,0.01,0.02,0
2017-09-29,0.0217,0.119679,0.05,0.0184858,0.0916667,0.0139958,0.232614,NA,NA,0.03,0.02,0.03,0.15,0.05,0,0.128414,0.01,0.02,0
2017-09-30,0.0217,0.110325,0.04,0.00909863,0.0916667,0.0148748,0.29912,NA,NA,0.02,0.01,0.02,0.15,0.02,0,0.153862,0.01,0.02,0
2017-10-01,0.0109,0.190644,0.03,0.018249,0.0916667,0.0139958,0.259164,0.002,0.002,0.01,0.008,0.01,0.15,0.05,0,0.217939,0.01,0.02,0
2017-10-02,0,0.121494,0.04,0.034918,0.0916667,0.00979413,0.287671,0.005,0.004,0.005,NA,0,0.13,0,0,0.101807,0.01,0.02,0
2017-10-03,0,0.0900952,0.03,0,0.0916667,0.00935247,0.23906,0.007,0.006,0.02,NA,0,0.13,0.05,0,0.119235,0.01,0.01,0
2017-10-04,0.0513,0.155193,0.01,0,0.0916667,0.00935247,0.224575,0.03,0.03,0.03,0.02,0.28,0.15,0.05,0,0.127949,0.01,0.01,0
2017-10-05,0.0513,0.0659942,0.05,0.0397733,0.0916667,0.00979413,0.176021,0.02,0.02,0.04,0.03,0.05,0.15,0.02,0,0.137749,0.01,0.01,0
2017-10-06,0.0513,0.0872456,0.0376722,0.0267599,0.0916667,0.0246329,0.136648,0.03,0.02,0.03,0.03,0.05,0.15,0.02,0,0.075037,0.01,0.01,0
2017-10-07,0,0.0825,0.0376722,0.034918,0.0916667,0.0055745,0.0508882,0.01,0.009,0.002,0.002,0,0.13,0.02,0,NA,0.01,0.01,0
2017-10-08,0.0056,0.0135512,0,0,0.0916667,0.00468722,0.0347249,0,0,NA,NA,0.02,0.03,0,0,NA,0.01,0.01,0
2017-10-09,NA,0.0144389,0,0,0.0916667,0.0063593,0.0063593,NA,NA,NA,NA,-0.01,-0.01,0,0,NA,0.01,0.01,0
2017-10-10,0,0.0144389,0,0,0.0916667,0.000445831,0.0163951,0,0,NA,NA,-0.01,-0.01,0,0,NA,0.01,0.01,0
2017-10-11,0,0.042852,0,0,0.0916667,0.000445831,0.00892857,0,0,NA,NA,-0.01,-0.01,0,0,NA,0.01,0.01,0
2017-10-12,0,0.0283366,0,0,0.0916667,0.00468722,0.00892857,0,0,NA,NA,-0.01,-0.01,0,0,NA,0.01,0.01,0
2017-10-13,0,0.0135512,0,0,0.0916667,0.00468722,0.00892857,0,0,NA,NA,-0.01,-0.01,0,0,NA,0.01,0.01,0
2017-10-14,0,0.0416044,0,0,0.0916667,0.000891464,0.00892857,0,0,NA,NA,-0.01,-0.01,0,0,NA,0.01,0.01,0
2017-10-15,0,0.0424711,0,0,0.0916667,0.000891464,0.00892857,0,0,NA,NA,-0.01,-0.01,0,0,NA,0.01,0.01,0
2017-10-16,NA,0.0144389,0,0,0.0916667,0.0055745,0.0161291,0,0,NA,NA,0,0.01,0,0,0.01,0.01,0.01,0
2017-10-17,NA,0.0135512,0,0,0.0916667,0.0055745,0.0157427,0,0,NA,NA,-0.01,-0.01,0,0,NA,0.01,0.01,0
2017-10-18,0,0.0135512,0,0,0.0916667,0.000891464,0.0161597,NA,NA,NA,NA,-0.01,-0.01,0,0,NA,0.01,0.01,0
2017-10-19,0,0.0135512,0,0,0.0916667,0.00468722,0.0157877,NA,NA,NA,NA,-0.01,-0.01,0,0,NA,0.01,0.05,0
2017-10-20,0,0.0135512,0,0,0.0916667,0.000445831,0.0063593,NA,NA,NA,NA,-0.01,-0.01,0,0,NA,0.01,0.01,1
2017-10-21,0,0.0135512,0,0,0.1,0.000891464,0.0267467,NA,NA,NA,NA,-0.01,-0.01,0.25,0,NA,0.2,0.01,0
2017-10-22,NA,0.0141193,0,0.034918,0.1,0.006461,0.0176178,NA,NA,NA,NA,0.02,0.03,0.15,0,NA,0.2,0.3,0
2017-10-23,0.0034,0.0141904,0,0,0.1,0.0102356,0.00892857,NA,NA,0.003,0.002,0,0.03,0.05,0,0.0466914,0.05,0.15,0
2017-10-24,0.0067,0.04956,0.01,0.034918,0.1,0.0111179,0.0948032,NA,NA,0.002,0.002,0.02,0.05,0,0,0.0466914,0.05,0.1,0
2017-10-25,0.0034,0.04956,0.01,0,0.1,0.0194923,0.0717005,NA,NA,0,0,0.01,0.05,0,0,0.0830091,0.01,0.05,0
2017-10-26,0,0.0280207,0.01,0,0.1,0.015314,0.0974471,NA,NA,2e-04,2e-04,0.01,0.05,0,0,0.0741114,0.01,0.01,0
2017-10-27,0,0.048214,0.01,0,0.1,0.0106769,0.0991391,NA,NA,0,0,0,0.04,0.02,0,0.0652138,0.01,0.01,0
2017-10-28,0.0034,0.0735402,0.01,0,0.1,0.0139958,0.0126448,NA,NA,0,0,0,0.04,0.02,0,0.0652138,0.01,0.01,0
2017-10-29,0,0.0551176,0,0,0.1,0.0106769,0.0823231,NA,NA,2e-04,1e-04,0,0.02,0.02,0,0.0652138,0.01,0.01,0
2017-10-30,0.0032,0.0420551,0.01,0,0.1,0.0102356,0,NA,NA,0,0,0,0.02,0.02,0,0.0652138,0.01,0.01,0
2017-10-31,0.0065,0.0140128,0.01,0,0.1,0.0126448,0,NA,NA,0,0,0,0.02,0,0,0.0562244,0.01,0.01,0
2017-11-01,0.0065,0.0144389,0,0,0.1,0.00513096,0.0352855,NA,NA,0,0,0,0.01,0,0,0.0283457,0.01,0.01,0
2017-11-02,NA,0.0135512,0,0,0.0916667,0.000445831,0.0324418,NA,NA,NA,NA,-0.01,-0.01,0,0,NA,0.01,0.01,0
2017-11-03,0,0.0135512,0,0,0.0916667,0.000445831,0.0215967,NA,NA,NA,NA,-0.01,-0.01,0,0,NA,0.01,0.01,0
2017-11-04,0,0.0135512,0,0,0.0916667,0.0163082,0.0163082,NA,NA,NA,NA,-0.01,-0.01,0,0,NA,0.01,0.01,0
2017-11-05,0,0.0135512,0,0,0.0916667,0.0063593,0.0063593,NA,NA,NA,NA,-0.01,-0.01,0,0,NA,0.01,0.01,0
2017-11-06,0,0.0135512,0,0,0.0916667,0.0172923,0.0172923,NA,NA,NA,NA,-0.01,-0.01,0,0,NA,0.01,0.01,0
2017-11-07,0,0.0440012,0,0,0.0916667,0.000891464,0,NA,NA,NA,NA,-0.01,-0.01,0,0,NA,0.01,0.01,0
2017-11-08,0,0.0135512,0,0,0.0833333,0.00892857,0,NA,NA,NA,NA,-0.01,-0.01,0,0,NA,0.01,0.01,0
2017-11-09,0,0.0135512,0,0,0.0833333,0.000445831,0,NA,NA,NA,NA,-0.01,-0.01,0,0,NA,0.01,0.01,0
2017-11-10,0,0.0135512,0,0,0.0833333,0.00468722,0,NA,NA,NA,NA,-0.01,-0.01,0,0,NA,0.01,0.01,0
2017-11-11,0,0.0135512,0,0,0.0833333,0.000891464,0,NA,NA,NA,NA,-0.01,-0.01,0,0,NA,0.01,0.01,0
2017-11-12,0,0.0135512,0,0,0.0833333,0.000445831,0,NA,NA,NA,NA,-0.01,-0.01,0,0,NA,0.01,0.01,0
2017-11-13,0,0.0135512,0,0,0.075,0.00468722,0,NA,NA,NA,NA,-0.01,-0.01,0,0,NA,0.01,0.01,0
2017-11-14,0,0.0135512,0,0,0.075,0.00468722,0,NA,NA,NA,NA,-0.01,-0.01,0,0,NA,0.01,0.01,0
2017-11-15,NA,0.0135512,0.01,0.034918,0.075,0.00468722,0.0203526,NA,NA,0,0,0.03,0.03,0,0,0.0658642,0.01,0.01,0
2017-11-16,0.0217,0.0585802,0.01,0.0108483,0.075,0.00468722,0.0459621,NA,NA,0.02,0.02,0.02,0.03,0,0,0.0658642,0.01,0.01,0
2017-11-17,0.0217,0.0694623,0.01,0,0.075,0.00935247,0.0284145,NA,NA,0.01,0.01,0.02,0.03,0,0,0.0658642,0.01,0.01,0
2017-11-18,0.0088,0.0140483,0,0,0.075,0.00935247,0.0462246,NA,NA,0.001,0.001,0.03,0.04,0.02,0,0.0742032,0.01,0.01,0
2017-11-19,NA,0.0135512,0,0,0.075,0.00513096,0.0446458,NA,NA,0,0,0,0.01,0,0,0.0466914,0.01,0.01,0
2017-11-20,NA,0.0135512,0,0,0.075,0.00935247,0.043413,NA,NA,0,0,-0.01,-0.01,0,0,NA,0.01,0.01,0
2017-11-21,0,0.0135512,0,0,0.075,0.00601785,0.0381184,NA,NA,0,0,-0.01,-0.01,0,0,NA,0.01,0.01,0
2017-11-22,0,0.0135512,0,0,0.075,0.00601785,0.0304875,NA,NA,0,0,-0.01,-0.01,0,0,NA,0.01,0.01,0
2017-11-23,0,0.0135512,0,0,0.075,0.0106769,0.0516586,NA,NA,0,0,-0.01,-0.01,0,0,NA,0.01,0.01,0
2017-11-24,0,0.0144389,0,0,0.075,0.0111179,0.0195367,NA,NA,0,0,-0.01,-0.01,0,0,NA,0.01,0.01,0
2017-11-25,0,0.02,0.01,0,0.075,0.0144354,0.015969,NA,NA,0,0,-0.01,-0.01,0,0,NA,0.01,0.01,0
2017-11-26,NA,0.0338,0.02,0.0144825,0.075,0.0055745,0.0754745,NA,NA,0,0,0.02,0.03,0,0,0.0375185,0.01,0.01,0
2017-11-27,0.0217,0.0135512,0.01,0.0111856,0.075,0.0055745,0.0793195,NA,NA,0.003,0.002,0.03,0.03,0.1,0,0.0375185,0.01,0.01,0
2017-11-28,0.0109,0.0135512,0.01,0,0.075,0.00468722,0.0682434,NA,NA,0.005,0.004,0,0.03,0.05,0,0.0375185,0.01,0.01,0
2017-11-29,0.0217,0.0140838,0,0.0110529,0.075,0.00468722,0.0507664,NA,NA,0.006,0.005,0.03,0.03,0,0,0.0375185,0.01,0.01,0
2017-11-30,0.0034,0.0140838,0.01,0,0.075,0.00468722,0.0168068,NA,NA,0.001,8e-04,0.03,0.03,0,0,NA,0.01,0.01,0
2017-12-01,0,0.0140483,0,0.034918,0.075,0.00468722,0.0160013,NA,NA,NA,NA,0,0.01,0,0,NA,0.01,0.01,0
2017-12-02,NA,0.0135512,0,0,0.075,0.00374975,0.00374975,NA,NA,NA,NA,-0.01,-0.01,0,0,NA,0.01,0.01,0
2017-12-03,0,0.0135512,0,0,0.075,0.000445831,0.0217762,NA,NA,NA,NA,-0.01,-0.01,0,0,NA,0.01,0.01,0
2017-12-04,0,0.0135512,0,0,0.075,0.000445831,0,NA,NA,NA,NA,-0.01,-0.01,0,0,NA,0.01,0.01,0
2017-12-05,0,0.0144389,0,0,0.075,0.000445831,0,NA,NA,NA,NA,-0.01,-0.01,0,0,NA,0.01,0.01,0
2017-12-06,0,0.0454838,0.01,0,0.075,0,0,NA,NA,NA,NA,-0.01,-0.01,0,0,NA,0.01,0.01,0
2017-12-07,NA,0.0419863,0,0,0.075,0.00468722,0.0160622,NA,NA,NA,NA,0,0.01,0,0,0.01,0.01,0.01,0
2017-12-08,0.0032,0.0144389,0,0,0.075,0.00468722,0.015844,NA,NA,NA,NA,0,0.01,0,0,NA,0.01,0.01,0
2017-12-09,NA,0.0135512,0,0,0.075,0.0162695,0.0162695,NA,NA,NA,NA,-0.01,-0.01,0,0,NA,0.01,0.01,0
2017-12-10,NA,0.0424711,0,0,0.075,0.00374975,0.0173843,NA,NA,NA,NA,-0.01,-0.01,0,0,NA,0.01,0.01,0
2017-12-11,NA,0.02,0.01,0,0.075,0.00468722,0.0327896,NA,NA,NA,NA,0,0.01,0,0,0.0191728,0.01,0.01,0
2017-12-12,0.0055,0.0639,0,0.00975921,0.075,0.00468722,0.0260012,NA,NA,NA,NA,0,0.01,0,0,0.01,0.01,0.01,0
2017-12-13,0.0055,0.0135512,0,0,0.075,0.00935247,0.0361422,NA,NA,NA,NA,0,0.01,0,0,0.01,0.01,0.01,0
2017-12-14,NA,0.0135512,0,0,0.075,0.00979413,0.0146515,NA,NA,NA,NA,-0.01,-0.01,0,0,NA,0.01,0.01,0
2017-12-15,0,0.0135512,0,0,0.075,0.0159342,0.0159342,NA,NA,NA,NA,-0.01,-0.01,0,0,NA,0.01,0.01,0
2017-12-16,0,0.0135512,0,0,0.075,0.000891464,0.016436,NA,NA,NA,NA,-0.01,-0.01,0,0,NA,0.01,0.01,0
2017-12-17,0,0.0135512,0,0,0.075,0.000891464,0.0179327,NA,NA,NA,NA,-0.01,-0.01,0,0,NA,0.01,0.01,0
2017-12-18,0,0.0135512,0,0,0.075,0.000891464,0.0199243,NA,NA,NA,NA,-0.01,-0.01,0,0,NA,0.01,0.01,0
2017-12-19,0,0.0135512,0,0,0.075,0.000445831,0.0201689,NA,NA,NA,NA,-0.01,-0.01,0,0,NA,0.01,0.01,0
2017-12-20,0,0.0144389,0,0.0107455,0.0666667,0.0102356,0.0199563,NA,NA,0,0,-0.01,-0.01,NA,0,NA,0.01,0.01,0
2017-12-21,NA,0.0648,0.02,0.0134425,0.0666667,0.0102356,0.0317345,NA,NA,0,0,0.03,0.03,0,0,0.0466914,0.01,0.01,0
2017-12-22,0.0317,0.163,0.03,0.0533101,0.0666667,0.00601785,0.0344268,NA,NA,0.1,0.08,0.07,0.07,0,0,0.0658642,0.01,0.01,0
2017-12-23,0.0317,0.338,0.03,0.0280546,0.0666667,0.00601785,0.0912464,NA,NA,0.03,0.02,0.04,0.07,0.05,0,0.0658642,0.01,0.01,0
2017-12-24,0.0317,0.133,0.06,0.017117,0.0666667,0.00513096,0.0897956,NA,NA,0.006,0.005,0.04,0.07,0.05,0,0.0658642,0.01,0.02,0
2017-12-25,0.1096,0.0813,0.03,0.00445546,0.0666667,0.00468722,0.0927619,NA,NA,6e-04,5e-04,0.32,0.29,0.05,0,0.0658642,0.01,0.01,0
2017-12-26,0.0655,0.0757,0.02,0,0.0666667,0.00468722,0.0713317,NA,NA,0.001,9e-04,0.17,0.13,0,0,0.0558642,0.01,0.01,0
2017-12-27,0.0053,0.0201,0.01,0.00905389,0.0666667,0.00468722,0.0267437,NA,NA,6e-04,5e-04,0,0.02,0,0,0.0466914,0.01,0.01,0
2017-12-28,0.0032,0.0135512,0,0,0.0666667,0.00468722,0.0209533,NA,NA,1e-04,1e-04,0,0.01,0,0,0.0375185,0.01,0.01,0
2017-12-29,NA,0.0135512,0,0,0.0666667,0.00468722,0.0187215,NA,NA,NA,NA,-0.01,-0.01,0,0,NA,0.01,0.01,0
2017-12-30,0,0.0135512,0,0,0.0666667,0.00935247,0.015694,NA,NA,NA,NA,-0.01,-0.01,0,0,NA,0.01,0.01,0
2017-12-31,0,0.0440012,0,0,0.0666667,0.00468722,0.0063593,NA,NA,NA,NA,-0.01,-0.01,0,0,NA,0.01,0.01,0
